id,first_name,second_name,web_name,assists,attempted_passes,big_chances_created,big_chances_missed,bonus,bps,clean_sheets,clearances_blocks_interceptions,completed_passes,creativity,dribbles,ea_index,element,errors_leading_to_goal,errors_leading_to_goal_attempt,fixture,fouls,goals_conceded,goals_scored,ict_index,influence,key_passes,kickoff_time,kickoff_time_formatted,loaned_in,loaned_out,minutes,offside,open_play_crosses,opponent_team,own_goals,penalties_conceded,penalties_missed,penalties_saved,recoveries,red_cards,round,saves,selected,tackled,tackles,target_missed,team_a_score,team_h_score,threat,total_points,transfers_balance,transfers_in,transfers_out,value,was_home,winning_goals,yellow_cards,GW
1,Shkodran,Mustafi,Mustafi,0,42,0,0,0,24,0,2,31,0,0,0,1,0,0,1,0,2,0,4.7,47,0,2018-08-12T15:00:00Z,12 Aug 16:00,0,0,90,0,0,13,0,0,0,0,9,0,1,6,70767,0,0,0,2,0,0,3,0,0,0,50,TRUE,0,0,1
2,Héctor,Bellerín,Bellerín,0,0,0,0,0,0,0,0,0,0,0,0,2,0,0,1,0,0,0,0,0,0,2018-08-12T15:00:00Z,12 Aug 16:00,0,0,0,0,0,13,0,0,0,0,0,0,1,0,110646,0,0,0,2,0,0,0,0,0,0,50,TRUE,0,0,1
3,Sead,Kolasinac,Kolasinac,0,0,0,0,0,0,0,0,0,0,0,0,3,0,0,1,0,0,0,0,0,0,2018-08-12T15:00:00Z,12 Aug 16:00,0,0,0,0,0,13,0,0,0,0,0,0,1,0,6155,0,0,0,2,0,0,0,0,0,0,55,TRUE,0,0,1
4,Ainsley,Maitland-Niles,Maitland-Niles,0,29,0,0,0,17,0,9,22,11.7,1,0,4,0,0,1,1,2,0,6.2,27,1,2018-08-12T15:00:00Z,12 Aug 16:00,0,0,90,0,0,13,0,0,0,0,7,0,1,0,727046,0,2,0,2,0,23,1,0,0,0,55,TRUE,0,0,1
5,Sokratis,Papastathopoulos,Sokratis,0,0,0,0,0,0,0,0,0,0,0,0,5,0,0,1,0,0,0,0,0,0,2018-08-12T15:00:00Z,12 Aug 16:00,0,0,0,0,0,13,0,0,0,0,0,0,1,0,44811,0,0,0,2,0,0,0,0,0,0,55,TRUE,0,0,1
6,Nacho,Monreal,Monreal,0,0,0,0,0,0,0,0,0,0,0,0,6,0,0,1,0,0,0,0,0,0,2018-08-12T15:00:00Z,12 Aug 16:00,0,0,0,0,0,13,0,0,0,0,0,0,1,0,29752,0,0,0,2,0,0,0,0,0,0,45,TRUE,0,0,1
7,Laurent,Koscielny,Koscielny,0,40,0,0,0,16,0,9,36,0.2,0,0,7,0,0,1,1,2,0,4.7,29.4,0,2018-08-12T15:00:00Z,12 Aug 16:00,0,0,90,0,0,13,0,0,0,0,4,0,1,0,66040,0,0,0,2,0,17,1,0,0,0,55,TRUE,0,0,1
8,Konstantinos,Mavropanos,Mavropanos,0,0,0,0,0,0,0,0,0,0,0,0,8,0,0,1,0,0,0,0,0,0,2018-08-12T15:00:00Z,12 Aug 16:00,0,0,0,0,0,13,0,0,0,0,0,0,1,0,32166,0,0,0,2,0,0,0,0,0,0,50,TRUE,0,0,1
9,Carl,Jenkinson,Jenkinson,0,72,0,0,0,22,0,7,69,0.6,1,0,9,0,0,3,1,2,0,3.1,30.4,0,2018-08-11T14:00:00Z,11 Aug 15:00,0,0,90,0,0,7,0,0,0,0,11,0,1,0,91508,0,2,0,2,0,0,1,0,0,0,45,TRUE,0,0,1
10,Rob,Holding,Holding,0,0,0,0,0,0,0,0,0,0,0,0,10,0,0,1,0,0,0,0,0,0,2018-08-12T15:00:00Z,12 Aug 16:00,0,0,0,0,0,13,0,0,0,0,0,0,1,0,10713,0,0,0,2,0,0,0,0,0,0,50,TRUE,0,0,1
11,Pierre-Emerick,Aubameyang,Aubameyang,0,27,0,0,0,0,0,0,22,5.8,0,0,11,0,0,1,2,1,0,0.9,1,0,2018-08-12T15:00:00Z,12 Aug 16:00,0,0,55,2,1,13,0,0,0,0,3,0,1,0,112156,1,0,0,2,0,2,1,0,0,0,50,TRUE,0,0,1
12,Alexandre,Lacazette,Lacazette,0,37,0,0,0,13,0,9,30,10.3,0,0,12,0,0,1,2,2,0,2.7,16.6,1,2018-08-12T15:00:00Z,12 Aug 16:00,0,0,90,0,0,13,0,0,0,0,5,0,1,0,122791,0,1,0,2,0,0,0,0,0,0,55,TRUE,0,1,1
13,Edward,Nketiah,Nketiah,0,37,0,0,0,10,0,0,29,24.7,1,0,13,0,0,1,0,2,0,4,9.2,2,2018-08-12T15:00:00Z,12 Aug 16:00,0,0,90,2,0,13,0,0,0,0,7,0,1,0,236460,1,0,0,2,0,6,2,0,0,0,85,TRUE,0,0,1
14,Bernd,Leno,Leno,0,11,0,0,0,7,0,0,7,10.8,1,0,14,0,0,1,0,1,0,2.9,9.4,1,2018-08-12T15:00:00Z,12 Aug 16:00,0,0,53,2,0,13,0,0,0,0,1,0,1,0,60423,0,2,0,2,0,9,1,0,0,0,75,TRUE,0,0,1
15,Mesut,Özil,Özil,0,0,0,0,0,0,0,0,0,0,0,0,15,0,0,1,0,0,0,0,0,0,2018-08-12T15:00:00Z,12 Aug 16:00,0,0,0,0,0,13,0,0,0,0,0,0,1,0,35746,0,0,0,2,0,0,0,0,0,0,55,TRUE,0,0,1
16,Henrikh,Mkhitaryan,Mkhitaryan,0,0,0,0,0,0,0,0,0,0,0,0,16,0,0,1,0,0,0,0,0,0,2018-08-12T15:00:00Z,12 Aug 16:00,0,0,0,0,0,13,0,0,0,0,0,0,1,0,120790,0,0,0,2,0,0,0,0,0,0,45,TRUE,0,0,1
17,Alex,Iwobi,Iwobi,0,43,0,0,0,10,0,2,35,1.3,0,0,17,0,0,1,1,2,0,1,8.8,0,2018-08-12T15:00:00Z,12 Aug 16:00,0,0,69,0,0,13,0,0,0,0,5,0,1,0,220405,0,1,0,2,0,0,1,0,0,0,55,TRUE,0,1,1
18,Granit,Xhaka,Xhaka,0,31,0,0,0,11,0,0,24,22.3,0,0,18,0,0,1,0,2,0,8.1,16.6,2,2018-08-12T15:00:00Z,12 Aug 16:00,0,0,90,0,0,13,0,0,0,0,5,0,1,0,644446,2,1,0,2,0,42,2,0,0,0,70,TRUE,0,0,1
19,Lucas,Torreira,Torreira,0,0,0,0,0,0,0,0,0,0,0,0,19,0,0,1,0,0,0,0,0,0,2018-08-12T15:00:00Z,12 Aug 16:00,0,0,0,0,0,13,0,0,0,0,0,0,1,0,33287,0,0,0,2,0,0,0,0,0,0,45,TRUE,0,0,1
20,Mohamed,Elneny,Elneny,0,13,0,0,0,7,0,2,11,10.3,2,0,20,0,0,1,1,1,0,2.1,10.8,1,2018-08-12T15:00:00Z,12 Aug 16:00,0,0,34,0,0,13,0,0,0,0,3,0,1,0,31526,0,0,0,2,0,0,1,0,0,0,45,TRUE,0,0,1
21,Matteo,Guendouzi,Guendouzi,0,0,0,0,0,0,0,0,0,0,0,0,21,0,0,1,0,0,0,0,0,0,2018-08-12T15:00:00Z,12 Aug 16:00,0,0,0,0,0,13,0,0,0,0,0,0,1,0,28663,0,0,0,2,0,0,0,0,0,0,65,TRUE,0,0,1
427,Emiliano,Martínez,Martínez,0,67,1,0,0,18,0,8,52,25.4,1,0,427,0,0,10,2,2,0,5.1,26,2,2018-08-11T16:30:00Z,11 Aug 17:30,0,0,90,0,0,8,0,0,0,0,6,0,1,0,234162,0,0,0,2,2,0,1,0,0,0,40,TRUE,0,0,1
22,Ahmed,El Mohamady,El Mohamady,0,7,0,1,0,-4,0,0,6,0.5,0,0,22,0,0,1,2,1,0,0.2,0,0,2018-08-12T15:00:00Z,12 Aug 16:00,0,0,36,0,0,13,0,0,0,0,2,0,1,0,200168,0,0,2,2,0,5,1,0,0,0,95,TRUE,0,0,1
23,James,Chester,Chester,0,20,0,0,0,5,0,0,14,12.2,0,0,23,0,0,1,0,2,0,1.4,1,1,2018-08-12T15:00:00Z,12 Aug 16:00,0,0,90,1,0,13,0,0,0,0,3,0,1,0,924935,1,0,1,2,0,1,2,0,0,0,110,TRUE,0,0,1
24,Neil,Taylor,Taylor,0,15,0,0,0,21,1,0,10,0,0,0,24,0,0,2,0,0,0,1,10,0,2018-08-11T14:00:00Z,11 Aug 15:00,0,0,90,0,0,5,0,0,0,0,3,0,1,1,220212,0,0,0,0,2,0,6,0,0,0,45,TRUE,0,0,1
25,Kortney,Hause,Hause,0,0,0,0,0,0,0,0,0,0,0,0,25,0,0,2,0,0,0,0,0,0,2018-08-11T14:00:00Z,11 Aug 15:00,0,0,0,0,0,5,0,0,0,0,0,0,1,0,340702,0,0,0,0,2,0,0,0,0,0,40,TRUE,0,0,1
26,Jonathan,Kodjia,Kodjia,1,10,1,0,0,15,0,1,8,10.8,1,0,26,0,0,2,2,0,0,3.7,22.2,1,2018-08-11T14:00:00Z,11 Aug 15:00,0,0,23,0,0,5,0,0,0,0,0,0,1,0,22164,0,0,0,0,2,4,4,0,0,0,45,TRUE,0,0,1
27,Ørjan,Nyland,Nyland,0,66,0,0,0,25,1,14,50,1,0,0,27,0,0,2,3,0,0,2.6,23.2,0,2018-08-11T14:00:00Z,11 Aug 15:00,0,0,90,0,0,5,0,0,0,0,7,0,1,0,59682,1,0,0,0,2,2,6,0,0,0,45,TRUE,0,0,1
28,Conor,Hourihane,Hourihane,0,48,0,0,0,22,1,5,37,17,1,0,28,0,0,2,1,0,0,3.2,13.4,1,2018-08-11T14:00:00Z,11 Aug 15:00,0,0,90,0,1,5,0,0,0,0,7,0,1,0,834188,1,0,0,0,2,2,5,0,0,0,45,TRUE,0,1,1
29,Jack,Grealish,Grealish,0,42,0,0,0,25,1,5,37,15.5,0,0,29,0,0,2,1,0,0,3.2,16.2,1,2018-08-11T14:00:00Z,11 Aug 15:00,0,0,90,0,0,5,0,0,0,0,5,0,1,0,21187,0,0,0,0,2,0,6,0,0,0,45,TRUE,0,0,1
30,Anwar,El Ghazi,El Ghazi,0,0,0,0,0,0,0,0,0,0,0,0,30,0,0,2,0,0,0,0,0,0,2018-08-11T14:00:00Z,11 Aug 15:00,0,0,0,0,0,5,0,0,0,0,0,0,1,0,10308,0,0,0,0,2,0,0,0,0,0,45,TRUE,0,0,1
31,John,McGinn,McGinn,0,59,0,0,2,33,1,10,56,1.1,0,0,31,0,0,2,0,0,0,3.6,35,0,2018-08-11T14:00:00Z,11 Aug 15:00,0,0,90,0,0,5,0,0,0,0,7,0,1,0,158251,0,1,0,0,2,0,8,0,0,0,50,TRUE,0,0,1
32,Andre,Green,Green,0,0,0,0,0,0,0,0,0,0,0,0,32,0,0,2,0,0,0,0,0,0,2018-08-11T14:00:00Z,11 Aug 15:00,0,0,0,0,0,5,0,0,0,0,0,0,1,0,257252,0,0,0,0,2,0,0,0,0,0,40,TRUE,0,0,1
33,Birkir,Bjarnason,Bjarnason,0,0,0,0,0,0,0,0,0,0,0,0,33,0,0,2,0,0,0,0,0,0,2018-08-11T14:00:00Z,11 Aug 15:00,0,0,0,0,0,2,0,0,0,0,0,0,1,0,14476,0,0,0,0,2,0,0,0,0,0,50,FALSE,0,0,1
34,Keinan,Davis,Davis,0,0,0,0,0,0,0,0,0,0,0,0,34,0,0,2,0,0,0,0,0,0,2018-08-11T14:00:00Z,11 Aug 15:00,0,0,0,0,0,5,0,0,0,0,0,0,1,0,32012,0,0,0,0,2,0,0,0,0,0,45,TRUE,0,0,1
35,Henri,Lansbury,Lansbury,0,64,0,0,0,8,1,4,51,3.6,0,0,35,0,0,2,2,0,0,1.5,8.8,0,2018-08-11T14:00:00Z,11 Aug 15:00,0,0,90,0,0,5,0,0,0,0,7,0,1,0,17574,1,0,1,0,2,3,3,0,0,0,50,TRUE,0,0,1
36,José Ignacio,Peleteiro Romallo,Jota,0,0,0,0,0,0,0,0,0,0,0,0,36,0,0,2,0,0,0,0,0,0,2018-08-11T14:00:00Z,11 Aug 15:00,0,0,0,0,0,5,0,0,0,0,0,0,1,0,2359,0,0,0,0,2,0,0,0,0,0,60,TRUE,0,0,1
309,Matt,Targett,Targett,0,39,0,0,0,15,0,1,23,0,0,0,309,0,0,7,0,2,0,3.3,33,0,2018-08-11T11:30:00Z,11 Aug 12:30,0,0,90,0,0,17,0,0,0,0,9,0,1,3,18497,0,0,0,2,1,0,2,0,0,0,50,TRUE,0,0,1
428,Wesley,Moraes,Wesley,0,0,0,0,0,0,0,0,0,0,0,0,428,0,0,10,0,0,0,0,0,0,2018-08-11T16:30:00Z,11 Aug 17:30,0,0,0,0,0,8,0,0,0,0,0,0,1,0,97934,0,0,0,2,2,0,0,0,0,0,40,TRUE,0,0,1
429,Jed,Steer,Steer,0,0,0,0,0,0,0,0,0,0,0,0,429,0,0,10,0,0,0,0,0,0,2018-08-11T16:30:00Z,11 Aug 17:30,0,0,0,0,0,8,0,0,0,0,0,0,1,0,5328,0,0,0,2,2,0,0,0,0,0,40,TRUE,0,0,1
58,Steve,Cook,Steve Cook,0,26,0,0,0,6,0,1,20,14.3,0,0,58,0,0,9,0,2,0,2,3.2,1,2018-08-11T14:00:00Z,11 Aug 15:00,0,0,70,0,0,18,0,0,0,0,5,0,1,0,3712,2,0,0,0,2,2,2,0,0,0,50,FALSE,0,0,1
59,Nathan,Aké,Aké,0,18,0,0,0,6,0,1,14,20.3,0,0,59,0,0,9,0,2,0,3.3,8.6,1,2018-08-11T14:00:00Z,11 Aug 15:00,0,0,59,0,2,18,0,0,0,0,0,0,1,0,364302,0,0,0,0,2,4,1,0,0,0,70,FALSE,0,0,1
60,Charlie,Daniels,Daniels,0,38,0,0,0,9,0,7,32,1.5,1,0,60,0,0,9,3,2,0,2.3,12,0,2018-08-11T14:00:00Z,11 Aug 15:00,0,0,90,0,0,18,0,0,0,0,7,0,1,0,8887,5,1,1,0,2,9,2,0,0,0,50,FALSE,0,0,1
61,Chris,Mepham,Mepham,0,0,0,0,0,0,0,0,0,0,0,0,61,0,0,9,0,0,0,0,0,0,2018-08-11T14:00:00Z,11 Aug 15:00,0,0,0,0,0,18,0,0,0,0,0,0,1,0,11081,0,0,0,0,2,0,0,0,0,0,60,FALSE,0,0,1
62,Simon,Francis,Francis,0,16,0,0,0,1,0,3,10,1.8,0,0,62,0,0,9,2,2,0,1.1,3.6,0,2018-08-11T14:00:00Z,11 Aug 15:00,0,0,90,2,0,18,0,0,0,0,1,0,1,0,36707,1,0,1,0,2,6,2,0,0,0,65,FALSE,0,0,1
63,Adam,Smith,Adam Smith,0,0,0,0,0,0,0,0,0,0,0,0,63,0,0,9,0,0,0,0,0,0,2018-08-11T14:00:00Z,11 Aug 15:00,0,0,0,0,0,18,0,0,0,0,0,0,1,0,11200,0,0,0,0,2,0,0,0,0,0,50,FALSE,0,0,1
64,Lloyd,Kelly,Kelly,0,0,0,0,0,0,0,0,0,0,0,0,64,0,0,9,0,0,0,0,0,0,2018-08-11T14:00:00Z,11 Aug 15:00,0,0,0,0,0,18,0,0,0,0,0,0,1,0,21608,0,0,0,0,2,0,0,0,0,0,45,FALSE,0,0,1
65,Diego,Rico,Rico,0,0,0,0,0,0,0,0,0,0,0,0,65,0,0,9,0,0,0,0,0,0,2018-08-11T14:00:00Z,11 Aug 15:00,0,0,0,0,0,18,0,0,0,0,0,0,1,0,5404,0,0,0,0,2,0,0,0,0,0,55,FALSE,0,0,1
66,Jack,Simpson,Simpson,0,0,0,0,0,0,0,0,0,0,0,0,66,0,0,9,0,0,0,0,0,0,2018-08-11T14:00:00Z,11 Aug 15:00,0,0,0,0,0,18,0,0,0,0,0,0,1,0,4566,0,0,0,0,2,0,0,0,0,0,50,FALSE,0,0,1
67,Callum,Wilson,Wilson,0,0,0,0,0,0,0,0,0,0,0,0,67,0,0,8,0,0,0,0,0,0,2018-08-12T12:30:00Z,12 Aug 13:30,0,0,0,0,0,16,0,0,0,0,0,0,1,0,6229,0,0,0,0,0,0,0,0,0,0,50,FALSE,0,0,1
68,Joshua,King,King,0,0,0,0,0,0,0,0,0,0,0,0,68,0,0,8,0,0,0,0,0,0,2018-08-12T12:30:00Z,12 Aug 13:30,0,0,0,0,0,16,0,0,0,0,0,0,1,0,23251,0,0,0,0,0,0,0,0,0,0,50,FALSE,0,0,1
69,Dominic,Solanke,Solanke,0,39,0,0,0,26,1,4,28,6.8,0,0,69,0,0,8,1,0,0,1.9,11,0,2018-08-12T12:30:00Z,12 Aug 13:30,0,0,90,0,0,16,0,0,0,0,10,0,1,0,44551,1,2,1,0,0,1,6,0,0,0,50,FALSE,0,0,1
70,Lys,Mousset,Mousset,0,53,1,0,2,31,1,8,47,10.8,0,0,70,0,0,8,0,0,0,5.1,34.4,1,2018-08-12T12:30:00Z,12 Aug 13:30,0,0,90,0,0,16,0,0,0,0,7,0,1,0,226034,0,0,1,0,0,6,8,0,0,0,50,FALSE,0,0,1
71,Sam,Surridge,Surridge,0,46,0,0,0,24,1,9,32,3.4,1,0,71,0,0,8,0,0,0,4.2,19.8,0,2018-08-12T12:30:00Z,12 Aug 13:30,0,0,90,0,0,16,0,0,0,0,5,0,1,0,120639,0,0,0,0,0,19,6,0,0,0,50,FALSE,0,0,1
72,Asmir,Begovic,Begovic,0,46,0,0,1,30,1,19,34,10.5,0,0,72,0,0,8,0,0,0,6.7,50.8,1,2018-08-12T12:30:00Z,12 Aug 13:30,0,0,90,0,0,16,0,0,0,0,4,0,1,0,461762,0,0,1,0,0,6,7,0,0,0,50,FALSE,0,0,1
73,Artur,Boruc,Boruc,0,0,0,0,0,0,0,0,0,0,0,0,73,0,0,8,0,0,0,0,0,0,2018-08-12T12:30:00Z,12 Aug 13:30,0,0,0,0,0,16,0,0,0,0,0,0,1,0,42014,0,0,0,0,0,0,0,0,0,0,45,FALSE,0,0,1
74,Mark,Travers,Travers,0,0,0,0,0,2,0,0,0,0,0,0,74,0,0,8,1,0,0,0,0,0,2018-08-12T12:30:00Z,12 Aug 13:30,0,0,3,0,0,16,0,0,0,0,0,0,1,0,11525,0,0,0,0,0,0,1,0,0,0,45,FALSE,0,0,1
75,Ryan,Fraser,Fraser,0,0,0,0,0,0,0,0,0,0,0,0,75,0,0,8,0,0,0,0,0,0,2018-08-12T12:30:00Z,12 Aug 13:30,0,0,0,0,0,16,0,0,0,0,0,0,1,0,10336,0,0,0,0,0,0,0,0,0,0,45,FALSE,0,0,1
76,David,Brooks,Brooks,0,26,0,0,0,6,1,2,21,31.1,2,0,76,0,0,8,0,0,0,7.9,7,2,2018-08-12T12:30:00Z,12 Aug 13:30,0,0,86,0,0,16,0,0,0,0,5,0,1,0,98144,5,0,1,0,0,41,3,0,0,0,60,FALSE,0,0,1
77,Junior,Stanislas,Stanislas,0,0,0,0,0,0,0,0,0,0,0,0,77,0,0,8,0,0,0,0,0,0,2018-08-12T12:30:00Z,12 Aug 13:30,0,0,0,0,0,16,0,0,0,0,0,0,1,0,757,0,0,0,0,0,0,0,0,0,0,55,FALSE,0,0,1
78,Jordon,Ibe,Ibe,0,30,0,1,0,1,1,0,20,6.5,1,0,78,0,0,8,1,0,0,4.5,5.4,0,2018-08-12T12:30:00Z,12 Aug 13:30,0,0,75,0,0,16,0,0,0,0,1,0,1,0,9008,4,1,0,0,0,33,3,0,0,0,55,FALSE,0,0,1
79,Lewis,Cook,Lewis Cook,0,0,0,0,0,0,0,0,0,0,0,0,79,0,0,8,0,0,0,0,0,0,2018-08-12T12:30:00Z,12 Aug 13:30,0,0,0,0,0,16,0,0,0,0,0,0,1,0,1913,0,0,0,0,0,0,0,0,0,0,55,FALSE,0,0,1
80,Andrew,Surman,Surman,0,48,0,0,0,13,1,3,41,25.3,0,0,80,0,0,8,1,0,0,5,15.4,2,2018-08-12T12:30:00Z,12 Aug 13:30,0,0,90,0,0,16,0,0,0,0,3,0,1,0,9023,1,1,1,0,0,9,3,0,0,0,45,FALSE,0,0,1
81,Dan,Gosling,Gosling,0,0,0,0,0,0,0,0,0,0,0,0,81,0,0,8,0,0,0,0,0,0,2018-08-12T12:30:00Z,12 Aug 13:30,0,0,0,0,0,16,0,0,0,0,0,0,1,0,3473,0,0,0,0,0,0,0,0,0,0,50,FALSE,0,0,1
82,Jefferson,Lerma,Lerma,0,45,0,0,0,10,1,3,40,33.8,0,0,82,0,0,8,3,0,0,4.6,10.2,3,2018-08-12T12:30:00Z,12 Aug 13:30,0,0,90,1,0,16,0,0,0,0,7,0,1,0,59543,1,1,0,0,0,2,2,0,0,0,50,FALSE,0,1,1
37,Shane,Duffy,Duffy,0,73,0,0,0,12,1,4,56,10.4,2,0,37,0,0,2,0,0,0,3.5,23.2,0,2018-08-11T14:00:00Z,11 Aug 15:00,0,0,90,0,1,5,0,0,0,0,7,0,1,0,5035,2,0,1,0,2,1,3,0,0,0,50,TRUE,0,0,1
38,Martín,Montoya,Montoya,0,0,0,0,0,0,0,0,0,0,0,0,38,0,0,2,0,0,0,0,0,0,2018-08-11T14:00:00Z,11 Aug 15:00,0,0,0,0,0,5,0,0,0,0,0,0,1,0,28714,0,0,0,0,2,0,0,0,0,0,55,TRUE,0,0,1
39,Bernardo,Fernandes da Silva Junior,Bernardo,0,0,0,0,0,0,0,0,0,0,0,0,39,0,0,2,0,0,0,0,0,0,2018-08-11T14:00:00Z,11 Aug 15:00,0,0,0,0,0,5,0,0,0,0,0,0,1,0,16680,0,0,0,0,2,0,0,0,0,0,50,TRUE,0,0,1
40,Leon,Balogun,Balogun,0,47,2,0,3,38,1,1,37,43.3,1,0,40,0,0,2,0,0,1,11.1,42.8,3,2018-08-11T14:00:00Z,11 Aug 15:00,0,0,90,0,0,5,0,0,0,0,3,0,1,0,57385,1,0,1,0,2,25,11,0,0,0,55,TRUE,1,0,1
41,Gaëtan,Bong,Bong,0,0,0,0,0,0,0,0,0,0,0,0,41,0,0,2,0,0,0,0,0,0,2018-08-11T14:00:00Z,11 Aug 15:00,0,0,0,0,0,5,0,0,0,0,0,0,1,0,3650,0,0,0,0,2,0,0,0,0,0,45,TRUE,0,0,1
42,Lewis,Dunk,Dunk,0,25,0,1,0,3,1,1,17,2.8,0,0,42,0,0,2,1,0,0,2.5,3.4,0,2018-08-11T14:00:00Z,11 Aug 15:00,0,0,66,0,0,5,0,0,0,0,5,0,1,0,3963,1,1,1,0,2,19,3,0,0,0,50,TRUE,0,0,1
43,Matthew,Clarke,Clarke,1,25,1,2,1,31,1,0,18,20.2,4,0,43,0,0,2,1,0,1,18.2,58.6,1,2018-08-11T14:00:00Z,11 Aug 15:00,0,0,90,0,1,5,0,0,1,0,4,0,1,0,147186,4,0,1,0,2,103,8,0,0,0,60,TRUE,0,0,1
44,Glenn,Murray,Murray,0,0,0,0,0,3,0,0,0,0,0,0,44,0,0,2,0,0,0,0,0,0,2018-08-11T14:00:00Z,11 Aug 15:00,0,0,1,0,0,5,0,0,0,0,0,0,1,0,11984,0,0,0,0,2,0,1,0,0,0,50,TRUE,0,0,1
45,Jürgen,Locadia,Locadia,0,28,0,0,0,1,1,0,21,19.3,2,0,45,0,0,2,0,0,0,4.6,5,1,2018-08-11T14:00:00Z,11 Aug 15:00,0,0,90,0,1,5,0,0,0,0,7,0,1,0,380719,10,0,1,0,2,22,2,0,0,0,65,TRUE,0,0,1
46,Florin,Andone,Andone,0,0,0,0,0,3,0,0,0,0,0,0,46,0,0,2,0,0,0,0,0,0,2018-08-11T14:00:00Z,11 Aug 15:00,0,0,1,0,0,5,0,0,0,0,0,0,1,0,42370,0,0,0,0,2,0,1,0,0,0,60,TRUE,0,0,1
47,Mathew,Ryan,Ryan,0,32,0,0,0,15,0,0,14,0,0,0,47,0,0,9,0,2,0,2.3,22.8,0,2018-08-11T14:00:00Z,11 Aug 15:00,0,0,90,0,0,18,0,0,0,0,10,0,1,3,257273,0,0,0,0,2,0,2,0,0,0,45,FALSE,0,0,1
48,David,Button,Button,0,45,0,0,0,14,0,7,35,0.3,0,0,48,0,0,9,1,2,0,1.5,15,0,2018-08-11T14:00:00Z,11 Aug 15:00,0,0,90,0,0,18,0,0,0,0,8,0,1,0,152747,0,1,0,0,2,0,1,0,0,0,45,FALSE,0,0,1
49,Pascal,Groß,Groß,0,39,0,0,0,16,0,10,30,0,0,0,49,0,0,9,2,2,0,2.7,27,0,2018-08-11T14:00:00Z,11 Aug 15:00,0,0,90,0,0,18,0,0,0,0,4,0,1,0,153522,0,2,0,0,2,0,1,0,0,0,45,FALSE,0,0,1
50,Alireza,Jahanbakhsh,Jahanbakhsh,0,11,0,0,0,6,0,2,11,14.6,0,0,50,0,0,9,0,0,0,2.1,6.4,1,2018-08-11T14:00:00Z,11 Aug 15:00,0,0,25,0,1,18,0,0,0,0,1,0,1,0,14542,0,0,0,0,2,0,1,0,0,0,45,FALSE,0,0,1
51,José Heriberto,Izquierdo Mena,Izquierdo,0,25,0,0,0,10,0,1,21,0.6,0,0,51,0,0,9,0,2,0,0.7,6.2,0,2018-08-11T14:00:00Z,11 Aug 15:00,0,0,64,0,0,18,0,0,0,0,8,0,1,0,8038,0,1,0,0,2,0,1,0,0,0,45,FALSE,0,0,1
52,Anthony,Knockaert,Knockaert,0,0,0,0,0,0,0,0,0,0,0,0,52,0,0,9,0,0,0,0,0,0,2018-08-11T14:00:00Z,11 Aug 15:00,0,0,0,0,0,18,0,0,0,0,0,0,1,0,413157,0,0,0,0,2,0,0,0,0,0,40,FALSE,0,0,1
53,Yves,Bissouma,Bissouma,0,0,0,0,0,0,0,0,0,0,0,0,53,0,0,9,0,0,0,0,0,0,2018-08-11T14:00:00Z,11 Aug 15:00,0,0,0,0,0,18,0,0,0,0,0,0,1,0,118425,0,0,0,0,2,0,0,0,0,0,40,FALSE,0,0,1
54,Davy,Pröpper,Pröpper,0,0,0,0,0,0,0,0,0,0,0,0,54,0,0,9,0,0,0,0,0,0,2018-08-11T14:00:00Z,11 Aug 15:00,0,0,0,0,0,18,0,0,0,0,0,0,1,0,7897,0,0,0,0,2,0,0,0,0,0,45,FALSE,0,0,1
55,Solomon,March,March,0,33,0,0,0,4,0,1,21,4.4,2,0,55,0,0,9,1,2,0,3.6,9.4,0,2018-08-11T14:00:00Z,11 Aug 15:00,0,0,90,0,0,18,0,0,0,0,5,0,1,0,23952,4,0,0,0,2,22,2,0,0,0,55,FALSE,0,0,1
56,Beram,Kayal,Kayal,0,51,0,0,0,14,0,6,44,11.8,1,0,56,0,0,9,2,2,0,3.8,21.8,1,2018-08-11T14:00:00Z,11 Aug 15:00,0,0,90,0,0,18,0,0,0,0,11,0,1,0,549320,2,2,1,0,2,4,1,0,0,0,45,FALSE,0,1,1
57,Dale,Stephens,Stephens,0,0,0,0,0,0,0,0,0,0,0,0,57,0,0,9,0,0,0,0,0,0,2018-08-11T14:00:00Z,11 Aug 15:00,0,0,0,0,0,18,0,0,0,0,0,0,1,0,5338,0,0,0,0,2,0,0,0,0,0,45,FALSE,0,0,1
421,Leandro,Trossard,Trossard,0,0,0,0,0,0,0,0,0,0,0,0,421,0,0,10,0,0,0,0,0,0,2018-08-11T16:30:00Z,11 Aug 17:30,0,0,0,0,0,8,0,0,0,0,0,0,1,0,24845,0,0,0,2,2,0,0,0,0,0,45,TRUE,0,0,1
83,Ben,Mee,Mee,0,22,0,1,0,6,1,1,17,12.3,0,0,83,0,0,8,1,0,0,3.9,10,0,2018-08-12T12:30:00Z,12 Aug 13:30,0,0,90,0,1,16,0,0,0,0,2,0,1,0,15138,1,2,0,0,0,17,3,0,0,0,50,FALSE,0,0,1
84,James,Tarkowski,Tarkowski,0,8,0,0,0,2,0,0,1,0,0,0,84,0,0,8,0,0,0,0.2,0,0,2018-08-12T12:30:00Z,12 Aug 13:30,0,0,17,0,0,16,0,0,0,0,0,0,1,0,53452,0,0,1,0,0,4,1,0,0,0,55,FALSE,0,0,1
85,Matthew,Lowton,Lowton,0,2,0,0,0,4,0,0,2,10.3,0,0,85,0,0,8,0,0,0,2.3,5.2,1,2018-08-12T12:30:00Z,12 Aug 13:30,0,0,14,0,0,16,0,0,0,0,0,0,1,0,48750,0,0,0,0,0,7,1,0,0,0,60,FALSE,0,0,1
86,Phil,Bardsley,Bardsley,0,0,0,0,0,0,0,0,0,0,0,0,86,0,0,8,0,0,0,0,0,0,2018-08-12T12:30:00Z,12 Aug 13:30,0,0,0,0,0,16,0,0,0,0,0,0,1,0,101406,0,0,0,0,0,0,0,0,0,0,45,FALSE,0,0,1
87,Charlie,Taylor,Taylor,0,16,0,0,0,2,1,1,12,2.8,0,0,87,0,0,8,1,0,0,6.1,5.8,0,2018-08-12T12:30:00Z,12 Aug 13:30,0,0,72,3,0,16,0,0,0,0,3,0,1,0,24309,1,0,0,0,0,52,2,0,0,0,65,FALSE,0,0,1
88,Kevin,Long,Long,0,37,0,0,0,26,0,0,9,0,0,0,88,0,0,2,0,2,0,3.8,37.8,0,2018-08-11T14:00:00Z,11 Aug 15:00,0,0,90,0,0,2,0,0,0,1,5,0,1,2,12072,0,0,0,0,2,0,6,0,0,0,45,FALSE,0,0,1
89,Ben,Gibson,Gibson,0,0,0,0,0,0,0,0,0,0,0,0,89,0,0,2,0,0,0,0,0,0,2018-08-11T14:00:00Z,11 Aug 15:00,0,0,0,0,0,2,0,0,0,0,0,0,1,0,6692,0,0,0,0,2,0,0,0,0,0,45,FALSE,0,0,1
90,Ashley,Barnes,Barnes,0,26,0,0,0,14,0,10,17,10.6,0,0,90,0,0,2,0,2,0,8,28.2,1,2018-08-11T14:00:00Z,11 Aug 15:00,0,0,90,0,0,2,0,0,0,0,8,0,1,0,31111,0,0,0,0,2,41,1,0,0,0,50,FALSE,0,0,1
91,Chris,Wood,Wood,0,23,0,0,0,7,0,5,17,0.9,0,0,91,0,0,2,3,2,0,0.8,7.2,0,2018-08-11T14:00:00Z,11 Aug 15:00,0,0,90,0,0,2,0,0,0,0,8,0,1,0,39138,2,1,0,0,2,0,1,0,0,0,45,FALSE,0,0,1
92,Matej,Vydra,Vydra,0,19,0,0,0,8,0,9,14,0.2,0,0,92,0,0,2,1,2,0,1.6,15.4,0,2018-08-11T14:00:00Z,11 Aug 15:00,0,0,90,0,0,2,0,1,0,0,7,0,1,0,5192,0,0,0,0,2,0,1,0,0,0,45,FALSE,0,0,1
93,Nick,Pope,Pope,0,0,0,0,0,0,0,0,0,0,0,0,93,0,0,2,0,0,0,0,0,0,2018-08-11T14:00:00Z,11 Aug 15:00,0,0,0,0,0,2,0,0,0,0,0,0,1,0,75947,0,0,0,0,2,0,0,0,0,0,40,FALSE,0,0,1
94,Tom,Heaton,Heaton,0,26,0,0,0,14,0,7,24,1.8,0,0,94,0,0,2,1,2,0,1.8,16.4,0,2018-08-11T14:00:00Z,11 Aug 15:00,0,0,90,0,0,2,0,0,0,0,6,0,1,0,8863,0,2,0,0,2,0,1,0,0,0,45,FALSE,0,0,1
95,Joe,Hart,Hart,0,23,0,0,0,6,0,3,12,1,0,0,95,0,0,2,1,2,0,1.2,10.8,0,2018-08-11T14:00:00Z,11 Aug 15:00,0,0,90,0,0,2,0,0,0,0,4,0,1,0,196285,0,1,0,0,2,0,0,0,0,0,40,FALSE,0,1,1
96,Johann Berg,Gudmundsson,Gudmundsson,0,0,0,0,0,0,0,0,0,0,0,0,96,0,0,2,0,0,0,0,0,0,2018-08-11T14:00:00Z,11 Aug 15:00,0,0,0,0,0,2,0,0,0,0,0,0,1,0,47860,0,0,0,0,2,0,0,0,0,0,40,FALSE,0,0,1
97,Dwight,McNeil,McNeil,0,0,0,0,0,0,0,0,0,0,0,0,97,0,0,2,0,0,0,0,0,0,2018-08-11T14:00:00Z,11 Aug 15:00,0,0,0,0,0,2,0,0,0,0,0,0,1,0,1492,0,0,0,0,2,0,0,0,0,0,40,FALSE,0,0,1
98,Robbie,Brady,Brady,0,34,0,0,0,12,0,3,22,15.9,1,0,98,0,0,2,0,2,0,4,16.4,1,2018-08-11T14:00:00Z,11 Aug 15:00,0,0,90,0,1,2,0,0,0,0,7,0,1,0,17494,0,0,0,0,2,8,2,0,0,0,50,FALSE,0,0,1
99,Steven,Defour,Defour,0,20,0,0,0,6,0,4,16,25.4,1,0,99,0,0,2,2,2,0,4.5,11.8,1,2018-08-11T14:00:00Z,11 Aug 15:00,0,0,90,1,1,2,0,0,0,0,4,0,1,0,20590,3,0,0,0,2,8,2,0,0,0,55,FALSE,0,0,1
100,Jeff,Hendrick,Hendrick,0,15,0,0,0,4,0,2,8,0.9,0,0,100,0,0,2,0,1,0,1.8,3.6,0,2018-08-11T14:00:00Z,11 Aug 15:00,0,0,62,0,0,2,0,0,0,0,4,0,1,0,3604,2,0,2,0,2,13,2,0,0,0,50,FALSE,0,0,1
101,Ashley,Westwood,Westwood,0,26,0,0,0,10,0,2,11,11.3,0,0,101,0,0,2,0,1,0,3.7,7.4,1,2018-08-11T14:00:00Z,11 Aug 15:00,0,0,62,0,0,2,0,0,0,0,6,0,1,0,8529,0,0,0,0,2,18,2,0,0,0,55,FALSE,0,0,1
102,Jack,Cork,Cork,0,0,0,0,0,0,0,0,0,0,0,0,102,0,0,2,0,0,0,0,0,0,2018-08-11T14:00:00Z,11 Aug 15:00,0,0,0,0,0,2,0,0,0,0,0,0,1,0,66660,0,0,0,0,2,0,0,0,0,0,45,FALSE,0,0,1
430,Aaron,Lennon,Lennon,0,63,0,0,0,14,0,2,58,0.5,0,0,430,0,0,10,0,2,0,1.5,14.6,0,2018-08-11T16:30:00Z,11 Aug 17:30,0,0,90,0,0,8,0,0,0,0,4,0,1,0,30913,0,0,0,2,2,0,1,0,0,0,45,TRUE,0,0,1
103,Marcos,Alonso,Alonso,0,0,0,0,0,0,0,0,0,0,0,0,103,0,0,2,0,0,0,0,0,0,2018-08-11T14:00:00Z,11 Aug 15:00,0,0,0,0,0,2,0,0,0,0,0,0,1,0,11915,0,0,0,0,2,0,0,0,0,0,45,FALSE,0,0,1
104,Antonio,Rüdiger,Rüdiger,0,0,0,0,0,0,0,0,0,0,0,0,104,0,0,2,0,0,0,0,0,0,2018-08-11T14:00:00Z,11 Aug 15:00,0,0,0,0,0,2,0,0,0,0,0,0,1,0,3308,0,0,0,0,2,0,0,0,0,0,45,FALSE,0,0,1
105,César,Azpilicueta,Azpilicueta,0,6,0,0,0,3,0,0,2,1.1,0,0,105,0,0,2,0,1,0,0.1,0,0,2018-08-11T14:00:00Z,11 Aug 15:00,0,0,28,0,0,2,0,0,0,0,0,0,1,0,15437,0,0,0,0,2,0,1,0,0,0,45,FALSE,0,0,1
106,David,Luiz Moreira Marinho,David Luiz,0,9,0,0,0,4,0,0,6,20.6,2,0,106,0,0,2,0,1,0,4.7,4.4,2,2018-08-11T14:00:00Z,11 Aug 15:00,0,0,27,0,0,2,0,0,0,0,2,0,1,0,14017,2,0,1,0,2,22,1,0,0,0,50,FALSE,0,0,1
107,Emerson,Palmieri dos Santos,Emerson,0,0,0,0,0,0,0,0,0,0,0,0,107,0,0,2,0,0,0,0,0,0,2018-08-11T14:00:00Z,11 Aug 15:00,0,0,0,0,0,2,0,0,0,0,0,0,1,0,36149,0,0,0,0,2,0,0,0,0,0,50,FALSE,0,0,1
108,Andreas,Christensen,Christensen,0,0,0,0,0,0,0,0,0,0,0,0,108,0,0,2,0,0,0,0,0,0,2018-08-11T14:00:00Z,11 Aug 15:00,0,0,0,0,0,2,0,0,0,0,0,0,1,0,15508,0,0,0,0,2,0,0,0,0,0,45,FALSE,0,0,1
109,Davide,Zappacosta,Zappacosta,0,0,0,0,0,5,0,0,0,0,0,0,109,0,0,2,0,1,0,0.2,2,0,2018-08-11T14:00:00Z,11 Aug 15:00,0,0,2,0,0,2,0,0,0,0,0,0,1,0,51829,0,1,0,0,2,0,1,0,0,0,45,FALSE,0,0,1
110,Olivier,Giroud,Giroud,0,22,0,0,0,8,0,0,15,25.8,5,0,110,0,0,2,1,1,0,6.9,8,2,2018-08-11T14:00:00Z,11 Aug 15:00,0,0,87,1,0,2,0,0,0,0,4,0,1,0,33401,2,0,2,0,2,35,2,0,0,0,55,FALSE,0,0,1
111,Kepa,Arrizabalaga,Kepa,0,0,0,0,0,0,0,0,0,0,0,0,111,0,0,4,0,0,0,0,0,0,2018-08-11T14:00:00Z,11 Aug 15:00,0,0,0,0,0,10,0,0,0,0,0,0,1,0,78468,0,0,0,3,0,0,0,0,0,0,55,FALSE,0,0,1
112,Willy,Caballero,Caballero,0,0,0,0,0,0,0,0,0,0,0,0,112,0,0,4,0,0,0,0,0,0,2018-08-11T14:00:00Z,11 Aug 15:00,0,0,0,0,0,10,0,0,0,0,0,0,1,0,8785,0,0,0,3,0,0,0,0,0,0,50,FALSE,0,0,1
113,Willian,Borges Da Silva,Willian,0,76,0,0,0,29,1,6,70,9.9,1,0,113,0,0,4,0,0,0,3.3,22.6,0,2018-08-11T14:00:00Z,11 Aug 15:00,0,0,90,0,1,10,0,0,0,0,8,0,1,0,745918,2,0,0,3,0,0,6,0,0,0,65,FALSE,0,0,1
114,Pedro,Rodríguez Ledesma,Pedro,0,0,0,0,0,0,0,0,0,0,0,0,114,0,0,4,0,0,0,0,0,0,2018-08-11T14:00:00Z,11 Aug 15:00,0,0,0,0,0,10,0,0,0,0,0,0,1,0,65491,0,0,0,3,0,0,0,0,0,0,55,FALSE,0,0,1
115,Ruben,Loftus-Cheek,Loftus-Cheek,1,73,0,1,2,32,1,2,67,19.9,1,0,115,0,0,4,1,0,0,5.1,13,1,2018-08-11T14:00:00Z,11 Aug 15:00,0,0,90,0,1,10,0,0,0,0,6,0,1,0,727837,1,0,2,3,0,18,11,0,0,0,65,FALSE,0,0,1
116,Callum,Hudson-Odoi,Hudson-Odoi,0,93,0,0,0,27,1,5,86,2,1,0,116,0,0,4,1,0,0,2.2,20.2,0,2018-08-11T14:00:00Z,11 Aug 15:00,0,0,90,0,0,10,0,0,0,0,8,0,1,0,160332,0,1,0,3,0,0,5,0,0,0,55,FALSE,0,1,1
117,Ross,Barkley,Barkley,0,4,0,0,0,2,0,0,4,10.8,0,0,117,0,0,4,1,0,0,1.2,1.2,1,2018-08-11T14:00:00Z,11 Aug 15:00,0,0,9,0,0,10,0,0,0,0,0,0,1,0,211948,1,0,0,3,0,0,1,0,0,0,60,FALSE,0,0,1
118,Jorge Luiz,Frello Filho,Jorginho,0,75,1,0,3,35,1,3,70,11.9,0,0,118,0,0,4,0,0,0,5.4,20.6,1,2018-08-11T14:00:00Z,11 Aug 15:00,0,0,90,0,0,10,0,0,0,0,8,0,1,0,135804,1,3,1,3,0,21,9,0,0,0,60,FALSE,0,0,1
119,N'Golo,Kanté,Kanté,0,0,0,0,0,0,0,0,0,0,0,0,119,0,0,4,0,0,0,0,0,0,2018-08-11T14:00:00Z,11 Aug 15:00,0,0,0,0,0,10,0,0,0,0,0,0,1,0,61061,0,0,0,3,0,0,0,0,0,0,55,FALSE,0,0,1
120,Daniel,Drinkwater,Drinkwater,0,0,0,0,0,0,0,0,0,0,0,0,120,0,0,4,0,0,0,0,0,0,2018-08-11T14:00:00Z,11 Aug 15:00,0,0,0,0,0,10,0,0,0,0,0,0,1,0,14783,0,0,0,3,0,0,0,0,0,0,55,FALSE,0,0,1
121,Ethan,Ampadu,Ampadu,0,0,0,0,0,0,0,0,0,0,0,0,121,0,0,4,0,0,0,0,0,0,2018-08-11T14:00:00Z,11 Aug 15:00,0,0,0,0,0,10,0,0,0,0,0,0,1,0,9242,0,0,0,3,0,0,0,0,0,0,55,FALSE,0,0,1
431,Christian,Pulisic,Pulisic,0,10,0,0,0,3,0,1,9,1.2,1,0,431,0,0,10,0,0,0,0.3,2.2,0,2018-08-11T16:30:00Z,11 Aug 17:30,0,0,14,0,0,8,0,0,0,0,0,0,1,0,7145,1,0,0,2,2,0,1,0,0,0,45,TRUE,0,0,1
432,Mateo,Kovacic,Kovacic,1,32,0,0,0,15,0,2,25,9.8,3,0,432,0,0,10,2,2,0,1.9,4.2,0,2018-08-11T16:30:00Z,11 Aug 17:30,0,0,90,0,1,8,0,0,0,0,3,0,1,0,314441,5,0,1,2,2,5,5,0,0,0,65,TRUE,0,0,1
123,Patrick,van Aanholt,van Aanholt,0,0,0,0,0,0,0,0,0,0,0,0,123,0,0,4,0,0,0,0,0,0,2018-08-11T14:00:00Z,11 Aug 15:00,0,0,0,0,0,10,0,0,0,0,0,0,1,0,67338,0,0,0,3,0,0,0,0,0,0,65,FALSE,0,0,1
124,James,Tomkins,Tomkins,1,27,0,0,0,17,1,0,25,48.3,3,0,124,0,0,4,0,0,0,9.7,26.4,3,2018-08-11T14:00:00Z,11 Aug 15:00,0,0,75,0,1,10,0,0,0,0,1,0,1,0,411692,5,0,0,3,0,22,6,0,0,0,75,FALSE,0,0,1
125,Mamadou,Sakho,Sakho,0,49,0,0,1,31,1,3,41,19.4,4,0,125,0,0,4,0,0,1,8.3,42.6,1,2018-08-11T14:00:00Z,11 Aug 15:00,0,0,80,0,0,10,0,0,0,0,4,0,1,0,96685,4,0,0,3,0,21,9,0,0,0,65,FALSE,0,0,1
126,Joel,Ward,Ward,0,53,0,0,0,30,1,4,45,11.2,0,0,126,0,0,4,0,0,1,7.1,42.4,0,2018-08-11T14:00:00Z,11 Aug 15:00,0,0,90,0,0,10,0,0,0,0,4,0,1,0,889970,4,0,0,3,0,17,8,0,0,0,50,FALSE,1,0,1
127,Scott,Dann,Dann,0,44,0,0,0,12,1,2,39,17.8,1,0,127,0,0,4,2,0,0,4.5,7.4,1,2018-08-11T14:00:00Z,11 Aug 15:00,0,0,67,0,0,10,0,0,0,0,5,0,1,0,22315,2,1,0,3,0,20,3,0,0,0,60,FALSE,0,0,1
128,Martin,Kelly,Kelly,0,0,0,0,0,0,0,0,0,0,0,0,128,0,0,4,0,0,0,0,0,0,2018-08-11T14:00:00Z,11 Aug 15:00,0,0,0,0,0,10,0,0,0,0,0,0,1,0,9829,0,0,0,3,0,0,0,0,0,0,50,FALSE,0,0,1
129,Christian,Benteke,Benteke,0,0,0,0,0,0,0,0,0,0,0,0,129,0,0,4,0,0,0,0,0,0,2018-08-11T14:00:00Z,11 Aug 15:00,0,0,0,0,0,10,0,0,0,0,0,0,1,0,14331,0,0,0,3,0,0,0,0,0,0,50,FALSE,0,0,1
130,Connor,Wickham,Wickham,0,0,0,0,0,0,0,0,0,0,0,0,130,0,0,4,0,0,0,0,0,0,2018-08-11T14:00:00Z,11 Aug 15:00,0,0,0,0,0,10,0,0,0,0,0,0,1,0,3328,0,0,0,3,0,0,0,0,0,0,45,FALSE,0,0,1
131,Vicente,Guaita,Guaita,0,0,0,0,0,0,0,0,0,0,0,0,131,0,0,4,0,0,0,0,0,0,2018-08-11T14:00:00Z,11 Aug 15:00,0,0,0,0,0,10,0,0,0,0,0,0,1,0,119739,0,0,0,3,0,0,0,0,0,0,45,FALSE,0,0,1
132,Wayne,Hennessey,Hennessey,0,9,0,0,0,5,0,0,9,1.3,0,0,132,0,0,4,0,0,0,0.4,2.2,0,2018-08-11T14:00:00Z,11 Aug 15:00,0,0,22,0,0,10,0,0,0,0,0,0,1,0,55849,0,1,0,3,0,0,1,0,0,0,55,FALSE,0,0,1
133,Wilfried,Zaha,Zaha,0,0,0,0,0,0,0,0,0,0,0,0,133,0,0,4,0,0,0,0,0,0,2018-08-11T14:00:00Z,11 Aug 15:00,0,0,0,0,0,10,0,0,0,0,0,0,1,0,188771,0,0,0,3,0,0,0,0,0,0,80,FALSE,0,0,1
134,Luka,Milivojevic,Milivojevic,0,29,0,0,0,1,1,0,19,6.9,3,0,134,0,0,4,2,0,0,4.9,2,0,2018-08-11T14:00:00Z,11 Aug 15:00,0,0,90,1,0,10,0,0,0,0,1,0,1,0,151388,5,0,0,3,0,40,2,0,0,0,90,FALSE,0,0,1
135,Andros,Townsend,Townsend,0,26,0,0,1,33,1,1,13,0,0,0,135,0,0,3,0,0,0,4.3,42.6,0,2018-08-11T14:00:00Z,11 Aug 15:00,0,0,90,0,0,9,0,0,0,0,11,0,1,6,49531,0,0,0,2,0,0,9,0,0,0,45,FALSE,0,0,1
136,Max,Meyer,Meyer,0,0,0,0,0,0,0,0,0,0,0,0,136,0,0,3,0,0,0,0,0,0,2018-08-11T14:00:00Z,11 Aug 15:00,0,0,0,0,0,9,0,0,0,0,0,0,1,0,727239,0,0,0,2,0,0,0,0,0,0,40,FALSE,0,0,1
137,Jeffrey,Schlupp,Schlupp,0,0,0,0,0,0,0,0,0,0,0,0,137,0,0,3,0,0,0,0,0,0,2018-08-11T14:00:00Z,11 Aug 15:00,0,0,0,0,0,9,0,0,0,0,0,0,1,0,12383,0,0,0,2,0,0,0,0,0,0,45,FALSE,0,0,1
138,James,McArthur,McArthur,0,37,0,0,0,29,1,12,31,0.4,0,0,138,0,0,3,0,0,0,4.9,27.2,0,2018-08-11T14:00:00Z,11 Aug 15:00,0,0,90,0,0,9,0,0,0,0,5,0,1,0,428025,0,0,0,2,0,21,6,0,0,0,45,FALSE,0,0,1
139,Cheikhou,Kouyaté,Kouyaté,0,0,0,0,0,0,0,0,0,0,0,0,139,0,0,3,0,0,0,0,0,0,2018-08-11T14:00:00Z,11 Aug 15:00,0,0,0,0,0,9,0,0,0,0,0,0,1,0,779,0,0,0,2,0,0,0,0,0,0,45,FALSE,0,0,1
140,Luke,Dreher,Dreher,0,0,0,0,0,0,0,0,0,0,0,0,140,0,0,3,0,0,0,0,0,0,2018-08-11T14:00:00Z,11 Aug 15:00,0,0,0,0,0,9,0,0,0,0,0,0,1,0,409020,0,0,0,2,0,0,0,0,0,0,40,FALSE,0,0,1
141,Lucas,Digne,Digne,0,23,0,0,0,30,1,3,18,1.4,2,0,141,0,0,3,2,0,1,6.3,42.6,0,2018-08-11T14:00:00Z,11 Aug 15:00,0,0,90,0,0,9,0,0,0,0,4,0,1,0,29820,4,1,0,2,0,19,11,0,0,0,45,FALSE,1,1,1
142,Yerry,Mina,Mina,1,38,0,0,2,36,1,5,30,22.4,3,0,142,0,0,3,0,0,0,8.1,35.6,2,2018-08-11T14:00:00Z,11 Aug 15:00,0,0,90,2,0,9,0,0,0,0,7,0,1,0,244166,0,0,0,2,0,23,11,0,0,0,55,FALSE,0,0,1
143,Michael,Keane,Keane,0,32,0,0,1,33,1,8,30,0.1,0,0,143,0,0,3,0,0,0,1.9,18.6,0,2018-08-11T14:00:00Z,11 Aug 15:00,0,0,90,0,0,9,0,0,0,0,5,0,1,0,67303,0,2,0,2,0,0,7,0,0,0,50,FALSE,0,0,1
144,Seamus,Coleman,Coleman,0,0,0,0,0,0,0,0,0,0,0,0,144,0,0,3,0,0,0,0,0,0,2018-08-11T14:00:00Z,11 Aug 15:00,0,0,0,0,0,9,0,0,0,0,0,0,1,0,4442,0,0,0,2,0,0,0,0,0,0,45,FALSE,0,0,1
145,Leighton,Baines,Baines,1,29,1,0,3,38,1,11,19,14,2,0,145,0,0,3,0,0,0,6,46,1,2018-08-11T14:00:00Z,11 Aug 15:00,0,0,90,0,0,9,0,0,0,0,7,0,1,0,652304,2,0,0,2,0,0,12,0,0,0,40,FALSE,0,0,1
146,Cenk,Tosun,Tosun,0,0,0,0,0,0,0,0,0,0,0,0,146,0,0,3,0,0,0,0,0,0,2018-08-11T14:00:00Z,11 Aug 15:00,0,0,0,0,0,9,0,0,0,0,0,0,1,0,40154,0,0,0,2,0,0,0,0,0,0,45,FALSE,0,0,1
147,Dominic,Calvert-Lewin,Calvert-Lewin,0,36,0,0,0,14,1,4,27,12.4,0,0,147,0,0,3,2,0,0,2.9,14.2,1,2018-08-11T14:00:00Z,11 Aug 15:00,0,0,90,0,0,9,0,0,0,0,6,0,1,0,85461,1,2,0,2,0,2,3,0,0,0,50,FALSE,0,0,1
148,Jordan,Pickford,Pickford,0,0,0,0,0,0,0,0,0,0,0,0,148,0,0,3,0,0,0,0,0,0,2018-08-11T14:00:00Z,11 Aug 15:00,0,0,0,0,0,9,0,0,0,0,0,0,1,0,1455,0,0,0,2,0,0,0,0,0,0,50,FALSE,0,0,1
149,Maarten,Stekelenburg,Stekelenburg,0,31,0,0,0,9,1,1,23,17.5,3,0,149,0,0,3,0,0,0,6.3,27.6,1,2018-08-11T14:00:00Z,11 Aug 15:00,0,0,87,0,1,9,0,0,0,0,8,0,1,0,115533,6,0,0,2,0,18,3,0,0,0,60,FALSE,0,0,1
150,Richarlison,de Andrade,Richarlison,0,38,0,0,0,16,1,3,28,34.6,0,0,150,0,0,3,3,0,0,5.1,16.8,0,2018-08-11T14:00:00Z,11 Aug 15:00,0,0,90,0,1,9,0,0,0,0,5,0,1,0,465750,0,4,0,2,0,0,3,0,0,0,65,FALSE,0,0,1
151,Gylfi,Sigurdsson,Sigurdsson,0,25,0,1,0,17,1,0,19,8.3,2,0,151,0,0,3,2,0,1,9.8,37.4,0,2018-08-11T14:00:00Z,11 Aug 15:00,0,0,90,1,0,9,0,0,0,0,2,0,1,0,1424847,8,1,0,2,0,52,5,0,0,0,70,FALSE,0,1,1
152,Bernard,Anício Caldeira Duarte,Bernard,0,28,1,0,0,9,1,1,14,24,2,0,152,0,0,3,2,0,0,8.6,13.6,2,2018-08-11T14:00:00Z,11 Aug 15:00,0,0,82,0,0,9,0,0,0,0,2,0,1,0,54689,2,0,0,2,0,48,2,0,0,0,65,FALSE,0,0,1
153,Theo,Walcott,Walcott,0,4,0,0,0,4,0,0,3,10.3,0,0,153,0,0,3,0,0,0,1.5,2.2,1,2018-08-11T14:00:00Z,11 Aug 15:00,0,0,7,0,0,9,0,0,0,0,3,0,1,0,14555,1,0,0,2,0,2,1,0,0,0,50,FALSE,0,0,1
154,Tom,Davies,Davies,0,35,0,0,0,13,0,1,10,0,0,0,154,0,0,10,0,2,0,1.5,15,0,2018-08-11T16:30:00Z,11 Aug 17:30,0,0,90,0,0,20,0,0,0,0,9,0,1,2,985344,0,0,0,2,2,0,1,0,0,0,50,FALSE,0,0,1
155,Ademola,Lookman,Lookman,0,0,0,0,0,0,0,0,0,0,0,0,155,0,0,10,0,0,0,0,0,0,2018-08-11T16:30:00Z,11 Aug 17:30,0,0,0,0,0,20,0,0,0,0,0,0,1,0,219323,0,0,0,2,2,0,0,0,0,0,40,FALSE,0,0,1
156,Idrissa,Gueye,Gueye,0,52,0,0,0,17,0,7,44,32.4,1,0,156,0,0,10,0,2,0,5.6,23.4,2,2018-08-11T16:30:00Z,11 Aug 17:30,0,0,90,1,0,20,0,0,0,0,5,0,1,0,84579,1,1,0,2,2,0,1,0,0,0,55,FALSE,0,0,1
157,James,McCarthy,McCarthy,0,34,0,0,0,8,0,4,23,1.8,0,0,157,0,0,10,0,2,0,4.9,26.4,0,2018-08-11T16:30:00Z,11 Aug 17:30,0,0,90,0,0,20,0,0,0,0,4,0,1,0,148392,1,0,0,2,2,21,1,0,0,0,55,FALSE,0,0,1
158,Morgan,Schneiderlin,Schneiderlin,0,24,0,0,0,-5,0,2,19,0,0,0,158,0,0,10,1,2,0,0,0,0,2018-08-11T16:30:00Z,11 Aug 17:30,0,0,39,0,0,20,0,0,0,0,3,1,1,0,100143,0,0,0,2,2,0,-3,0,0,0,45,FALSE,0,0,1
422,André Filipe,Tavares Gomes,André Gomes,0,0,0,0,0,0,0,0,0,0,0,0,422,0,0,10,0,0,0,0,0,0,2018-08-11T16:30:00Z,11 Aug 17:30,0,0,0,0,0,8,0,0,0,0,0,0,1,0,117293,0,0,0,2,2,0,0,0,0,0,40,TRUE,0,0,1
159,Ricardo Domingos,Barbosa Pereira,Pereira,0,0,0,0,0,0,0,0,0,0,0,0,159,0,0,10,0,0,0,0,0,0,2018-08-11T16:30:00Z,11 Aug 17:30,0,0,0,0,0,20,0,0,0,0,0,0,1,0,7642,0,0,0,2,2,0,0,0,0,0,45,FALSE,0,0,1
160,Harry,Maguire,Maguire,0,21,0,0,0,8,0,6,18,0.1,0,0,160,0,0,10,0,2,0,1.4,13.6,0,2018-08-11T16:30:00Z,11 Aug 17:30,0,0,47,0,0,20,0,0,0,0,0,0,1,0,3574,0,1,0,2,2,0,0,0,0,0,45,FALSE,0,0,1
161,Benjamin,Chilwell,Chilwell,0,0,0,0,0,0,0,0,0,0,0,0,161,0,0,10,0,0,0,0,0,0,2018-08-11T16:30:00Z,11 Aug 17:30,0,0,0,0,0,20,0,0,0,0,0,0,1,0,11386,0,0,0,2,2,0,0,0,0,0,45,FALSE,0,0,1
162,Jonny,Evans,Evans,1,48,1,0,1,27,0,9,39,10.2,0,0,162,0,0,10,0,2,0,7.6,40.4,1,2018-08-11T16:30:00Z,11 Aug 17:30,0,0,90,0,0,20,0,0,0,0,4,0,1,0,117954,0,0,1,2,2,25,5,0,0,0,50,FALSE,0,0,1
163,Christian,Fuchs,Fuchs,0,0,0,0,0,0,0,0,0,0,0,0,163,0,0,10,0,0,0,0,0,0,2018-08-11T16:30:00Z,11 Aug 17:30,0,0,0,0,0,20,0,0,0,0,0,0,1,0,9177,0,0,0,2,2,0,0,0,0,0,45,FALSE,0,0,1
164,Çaglar,Söyüncü,Söyüncü,0,18,0,0,0,6,0,1,10,2.3,2,0,164,0,0,10,1,2,0,1.3,6.2,0,2018-08-11T16:30:00Z,11 Aug 17:30,0,0,90,1,0,20,0,0,0,0,4,0,1,0,93127,1,0,0,2,2,4,2,0,0,0,65,FALSE,0,0,1
165,Wes,Morgan,Morgan,0,0,0,0,0,0,0,0,0,0,0,0,165,0,0,10,0,0,0,0,0,0,2018-08-11T16:30:00Z,11 Aug 17:30,0,0,0,0,0,20,0,0,0,0,0,0,1,0,16150,0,0,0,2,2,0,0,0,0,0,60,FALSE,0,0,1
166,Jamie,Vardy,Vardy,0,0,0,0,0,0,0,0,0,0,0,0,166,0,0,10,0,0,0,0,0,0,2018-08-11T16:30:00Z,11 Aug 17:30,0,0,0,0,0,20,0,0,0,0,0,0,1,0,1234,0,0,0,2,2,0,0,0,0,0,45,FALSE,0,0,1
167,Kelechi,Iheanacho,Iheanacho,0,51,0,0,0,14,0,4,44,4.4,0,0,167,0,0,10,2,2,0,1.6,11.8,0,2018-08-11T16:30:00Z,11 Aug 17:30,0,0,90,0,0,20,0,0,0,0,7,0,1,0,115922,0,1,0,2,2,0,2,0,0,0,45,FALSE,0,0,1
168,Kasper,Schmeichel,Schmeichel,0,54,0,0,0,15,0,3,45,3.5,0,0,168,0,0,10,0,2,0,1.7,13.6,0,2018-08-11T16:30:00Z,11 Aug 17:30,0,0,90,0,0,20,0,0,0,0,4,0,1,0,28400,1,2,0,2,2,0,2,0,0,0,50,FALSE,0,0,1
169,Eldin,Jakupovic,Jakupovic,0,0,0,0,0,0,0,0,0,0,0,0,169,0,0,10,0,0,0,0,0,0,2018-08-11T16:30:00Z,11 Aug 17:30,0,0,0,0,0,20,0,0,0,0,0,0,1,0,11634,0,0,0,2,2,0,0,0,0,0,55,FALSE,0,0,1
170,Danny,Ward,Ward,0,0,0,0,0,0,0,0,0,0,0,0,170,0,0,10,0,0,0,0,0,0,2018-08-11T16:30:00Z,11 Aug 17:30,0,0,0,0,0,20,0,0,0,0,0,0,1,0,12390,0,0,0,2,2,0,0,0,0,0,55,FALSE,0,0,1
171,James,Maddison,Maddison,0,0,0,0,0,0,0,0,0,0,0,0,171,0,0,10,0,0,0,0,0,0,2018-08-11T16:30:00Z,11 Aug 17:30,0,0,0,0,0,20,0,0,0,0,0,0,1,0,802,0,0,0,2,2,0,0,0,0,0,60,FALSE,0,0,1
172,Harvey,Barnes,Barnes,0,7,0,0,0,0,0,0,5,1.5,0,0,172,0,0,10,1,0,0,0.2,0,0,2018-08-11T16:30:00Z,11 Aug 17:30,0,0,43,1,0,20,0,0,0,0,0,0,1,0,106177,1,0,0,2,2,2,1,0,0,0,75,FALSE,0,0,1
173,Rachid,Ghezzal,Ghezzal,0,0,0,0,0,0,0,0,0,0,0,0,173,0,0,10,0,0,0,0,0,0,2018-08-11T16:30:00Z,11 Aug 17:30,0,0,0,0,0,20,0,0,0,0,0,0,1,0,1737,0,0,0,2,2,0,0,0,0,0,50,FALSE,0,0,1
174,Marc,Albrighton,Albrighton,0,0,0,0,0,0,0,0,0,0,0,0,174,0,0,10,0,0,0,0,0,0,2018-08-11T16:30:00Z,11 Aug 17:30,0,0,0,0,0,20,0,0,0,0,0,0,1,0,2914,0,0,0,2,2,0,0,0,0,0,45,FALSE,0,0,1
175,Demarai,Gray,Gray,0,0,0,0,0,0,0,0,0,0,0,0,175,0,0,10,0,0,0,0,0,0,2018-08-11T16:30:00Z,11 Aug 17:30,0,0,0,0,0,20,0,0,0,0,0,0,1,0,68885,0,0,0,2,2,0,0,0,0,0,55,FALSE,0,0,1
176,Wilfred,Ndidi,Ndidi,0,9,0,0,0,1,0,0,5,0.5,0,0,176,0,0,10,0,0,0,0.3,0.6,0,2018-08-11T16:30:00Z,11 Aug 17:30,0,0,9,0,0,20,0,0,0,0,0,0,1,0,46205,2,0,0,2,2,2,1,0,0,0,55,FALSE,0,0,1
177,Matty,James,James,1,24,0,0,0,18,0,1,17,17.2,0,0,177,0,0,10,0,2,0,5.3,25,1,2018-08-11T16:30:00Z,11 Aug 17:30,0,0,80,0,1,20,0,0,0,0,3,0,1,0,302582,2,1,0,2,2,11,5,0,0,0,70,FALSE,0,0,1
178,Daniel,Amartey,Amartey,0,0,0,0,0,0,0,0,0,0,0,0,178,0,0,3,0,0,0,0,0,0,2018-08-11T14:00:00Z,11 Aug 15:00,0,0,0,0,0,7,0,0,0,0,0,0,1,0,14241,0,0,0,2,0,0,0,0,0,0,45,TRUE,0,0,1
179,Nampalys,Mendy,Mendy,0,0,0,0,0,0,0,0,0,0,0,0,179,0,0,9,0,0,0,0,0,0,2018-08-11T14:00:00Z,11 Aug 15:00,0,0,0,0,0,18,0,0,0,0,0,0,1,0,85325,0,0,0,0,2,0,0,0,0,0,40,FALSE,0,0,1
180,Hamza,Choudhury,Choudhury,0,0,0,0,0,0,0,0,0,0,0,0,180,0,0,3,0,0,0,0,0,0,2018-08-11T14:00:00Z,11 Aug 15:00,0,0,0,0,0,7,0,0,0,0,0,0,1,0,22808,0,0,0,2,0,0,0,0,0,0,45,TRUE,0,0,1
265,Ayoze,Pérez,Pérez,0,65,0,0,1,27,1,5,59,1.9,3,0,265,0,0,1,1,0,0,1.6,11.8,0,2018-08-12T15:00:00Z,12 Aug 16:00,0,0,90,0,0,1,0,0,0,0,4,0,1,0,545462,2,0,0,2,0,2,7,0,0,0,65,FALSE,0,0,1
433,James,Justin,Justin,1,93,1,0,2,44,0,1,78,27.8,2,0,433,0,0,10,1,2,1,10.4,60.6,1,2018-08-11T16:30:00Z,11 Aug 17:30,0,0,90,0,1,8,0,0,0,0,6,0,1,0,633569,2,1,1,2,2,16,12,0,0,0,50,TRUE,0,0,1
181,Andrew,Robertson,Robertson,0,0,0,0,0,0,0,0,0,0,0,0,181,0,0,3,0,0,0,0,0,0,2018-08-11T14:00:00Z,11 Aug 15:00,0,0,0,0,0,7,0,0,0,0,0,0,1,0,12353,0,0,0,2,0,0,0,0,0,0,45,TRUE,0,0,1
182,Trent,Alexander-Arnold,Alexander-Arnold,0,93,0,0,0,15,0,3,90,20.3,1,0,182,0,0,3,0,2,0,4.5,16.8,1,2018-08-11T14:00:00Z,11 Aug 15:00,0,0,90,0,0,7,0,0,0,0,8,0,1,0,153810,2,0,0,2,0,8,2,0,0,0,50,TRUE,0,0,1
183,Virgil,van Dijk,van Dijk,0,84,0,0,0,16,0,3,77,6.3,0,0,183,0,0,3,0,2,0,3.2,17.8,0,2018-08-11T14:00:00Z,11 Aug 15:00,0,0,90,0,0,7,0,0,0,0,7,0,1,0,20352,0,2,0,2,0,8,1,0,0,0,45,TRUE,0,1,1
184,Joseph,Gomez,Gomez,0,40,0,0,0,6,0,4,31,18.6,0,0,184,0,0,3,1,2,0,5.8,14.2,1,2018-08-11T14:00:00Z,11 Aug 15:00,0,0,90,1,0,7,0,0,0,0,3,0,1,0,472564,4,0,0,2,0,25,2,0,0,0,65,TRUE,0,0,1
185,Joel,Matip,Matip,0,7,0,0,0,6,0,0,4,4.4,0,0,185,0,0,3,0,0,0,1.1,6.8,0,2018-08-11T14:00:00Z,11 Aug 15:00,0,0,8,0,1,7,0,0,0,0,0,0,1,0,8305,0,1,0,2,0,0,1,0,0,0,55,TRUE,0,0,1
186,Dejan,Lovren,Lovren,0,0,0,0,0,0,0,0,0,0,0,0,186,0,0,3,0,0,0,0,0,0,2018-08-11T14:00:00Z,11 Aug 15:00,0,0,0,0,0,7,0,0,0,0,0,0,1,0,8882,0,0,0,2,0,0,0,0,0,0,45,TRUE,0,0,1
187,Roberto,Firmino,Firmino,0,0,0,0,0,0,0,0,0,0,0,0,187,0,0,3,0,0,0,0,0,0,2018-08-11T14:00:00Z,11 Aug 15:00,0,0,0,0,0,7,0,0,0,0,0,0,1,0,5634,0,0,0,2,0,0,0,0,0,0,45,TRUE,0,0,1
188,Divock,Origi,Origi,0,0,0,0,0,0,0,0,0,0,0,0,188,0,0,3,0,0,0,0,0,0,2018-08-11T14:00:00Z,11 Aug 15:00,0,0,0,0,0,7,0,0,0,0,0,0,1,0,21217,0,0,0,2,0,0,0,0,0,0,45,TRUE,0,0,1
189,Alisson,Ramses Becker,Alisson,0,15,0,0,0,2,0,0,10,25.6,3,0,189,0,0,3,3,1,0,5.4,6.2,2,2018-08-11T14:00:00Z,11 Aug 15:00,0,0,29,1,1,7,0,0,0,0,0,0,1,0,499362,2,0,1,2,0,22,1,0,0,0,45,TRUE,0,0,1
190,Simon,Mignolet,Mignolet,0,39,0,0,0,11,0,1,21,0,0,0,190,0,0,4,0,3,0,1.3,13.2,0,2018-08-11T14:00:00Z,11 Aug 15:00,0,0,90,0,0,6,0,0,0,0,10,0,1,1,124117,0,0,0,3,0,0,1,0,0,0,40,TRUE,0,0,1
191,Mohamed,Salah,Salah,0,0,0,0,0,0,0,0,0,0,0,0,191,0,0,4,0,0,0,0,0,0,2018-08-11T14:00:00Z,11 Aug 15:00,0,0,0,0,0,6,0,0,0,0,0,0,1,0,100431,0,0,0,3,0,0,0,0,0,0,45,TRUE,0,0,1
192,Sadio,Mané,Mané,0,29,0,0,0,6,0,7,26,0.2,0,0,192,0,0,4,1,3,0,2,20.2,0,2018-08-11T14:00:00Z,11 Aug 15:00,0,0,90,0,0,6,0,1,0,0,6,0,1,0,164951,0,1,0,3,0,0,0,0,0,0,45,TRUE,0,1,1
193,Alex,Oxlade-Chamberlain,Chamberlain,0,20,0,0,0,9,0,1,15,15.8,0,0,193,0,0,4,0,2,0,2.3,7.6,1,2018-08-11T14:00:00Z,11 Aug 15:00,0,0,70,1,1,6,0,0,0,0,0,0,1,0,8906,0,1,0,3,0,0,1,0,0,0,45,TRUE,0,0,1
194,Xherdan,Shaqiri,Shaqiri,0,0,0,0,0,0,0,0,0,0,0,0,194,0,0,4,0,0,0,0,0,0,2018-08-11T14:00:00Z,11 Aug 15:00,0,0,0,0,0,6,0,0,0,0,0,0,1,0,5090,0,0,0,3,0,0,0,0,0,0,45,TRUE,0,0,1
195,Adam,Lallana,Lallana,0,37,1,0,0,23,0,8,30,11.8,1,0,195,0,0,4,1,3,0,3.5,21,1,2018-08-11T14:00:00Z,11 Aug 15:00,0,0,90,0,0,6,0,0,0,0,5,0,1,0,479775,0,2,0,3,0,2,1,0,0,0,45,TRUE,0,0,1
196,Naby,Keita,Keita,0,0,0,0,0,0,0,0,0,0,0,0,196,0,0,4,0,0,0,0,0,0,2018-08-11T14:00:00Z,11 Aug 15:00,0,0,0,0,0,6,0,0,0,0,0,0,1,0,249139,0,0,0,3,0,0,0,0,0,0,40,TRUE,0,0,1
197,Fabio Henrique,Tavares,Fabinho,0,38,0,0,0,12,0,1,27,19,0,0,197,0,0,4,0,3,0,3,11.4,1,2018-08-11T14:00:00Z,11 Aug 15:00,0,0,90,0,1,6,0,0,0,0,11,0,1,0,4294,1,0,0,3,0,0,1,0,0,0,45,TRUE,0,0,1
198,Jordan,Henderson,Henderson,0,24,0,0,0,7,0,6,17,4.3,1,0,198,0,0,4,2,3,0,2,15.2,0,2018-08-11T14:00:00Z,11 Aug 15:00,0,0,90,0,1,6,0,0,0,0,3,0,1,0,12335,0,0,0,3,0,0,0,0,0,0,45,TRUE,0,1,1
199,Georginio,Wijnaldum,Wijnaldum,0,51,0,0,0,24,0,2,40,18.2,1,0,199,0,0,4,1,3,0,3.8,20.2,1,2018-08-11T14:00:00Z,11 Aug 15:00,0,0,90,0,0,6,0,0,0,0,11,0,1,0,192110,1,6,0,3,0,0,2,0,0,0,55,TRUE,0,0,1
200,James,Milner,Milner,0,0,0,0,0,0,0,0,0,0,0,0,200,0,0,4,0,0,0,0,0,0,2018-08-11T14:00:00Z,11 Aug 15:00,0,0,0,0,0,6,0,0,0,0,0,0,1,0,3926,0,0,0,3,0,0,0,0,0,0,50,TRUE,0,0,1
201,Rafael,Camacho,Camacho,0,47,0,0,0,18,0,2,42,3.5,1,0,201,0,0,4,2,3,0,1.2,8.4,0,2018-08-11T14:00:00Z,11 Aug 15:00,0,0,90,0,0,6,0,0,0,0,12,0,1,0,14503,0,2,0,3,0,0,2,0,0,0,45,TRUE,0,0,1
202,Aymeric,Laporte,Laporte,0,27,0,0,0,16,0,4,24,2.4,1,0,202,0,0,4,0,3,0,4.5,20.8,0,2018-08-11T14:00:00Z,11 Aug 15:00,0,0,90,0,0,6,0,0,0,0,6,0,1,0,5761,2,4,1,3,0,22,2,0,0,0,45,TRUE,0,0,1
203,Kyle,Walker,Walker,0,0,0,0,0,0,0,0,0,0,0,0,203,0,0,4,0,0,0,0,0,0,2018-08-11T14:00:00Z,11 Aug 15:00,0,0,0,0,0,6,0,0,0,0,0,0,1,0,1025,0,0,0,3,0,0,0,0,0,0,50,TRUE,0,0,1
204,Benjamin,Mendy,Mendy,0,0,0,0,0,0,0,0,0,0,0,0,204,0,0,4,0,0,0,0,0,0,2018-08-11T14:00:00Z,11 Aug 15:00,0,0,0,0,0,6,0,0,0,0,0,0,1,0,562,0,0,0,3,0,0,0,0,0,0,45,TRUE,0,0,1
205,Fabian,Delph,Delph,0,0,0,0,0,0,0,0,0,0,0,0,205,0,0,4,0,0,0,0,0,0,2018-08-11T14:00:00Z,11 Aug 15:00,0,0,0,0,0,6,0,0,0,0,0,0,1,0,3471,0,0,0,3,0,0,0,0,0,0,45,TRUE,0,0,1
206,Oleksandr,Zinchenko,Zinchenko,0,8,0,0,0,2,0,1,5,4.8,1,0,206,0,0,4,1,2,0,2.3,7,0,2018-08-11T14:00:00Z,11 Aug 15:00,0,0,45,0,1,6,0,0,0,0,2,0,1,0,3968,4,1,0,3,0,11,1,0,0,0,50,TRUE,0,0,1
207,John,Stones,Stones,0,0,0,0,0,0,0,0,0,0,0,0,207,0,0,4,0,0,0,0,0,0,2018-08-11T14:00:00Z,11 Aug 15:00,0,0,0,0,0,6,0,0,0,0,0,0,1,0,15146,0,0,0,3,0,0,0,0,0,0,50,TRUE,0,0,1
208,Nicolás,Otamendi,Otamendi,0,0,0,0,0,0,0,0,0,0,0,0,208,0,0,4,0,0,0,0,0,0,2018-08-11T14:00:00Z,11 Aug 15:00,0,0,0,0,0,6,0,0,0,0,0,0,1,0,7863,0,0,0,3,0,0,0,0,0,0,45,TRUE,0,0,1
209,Danilo Luiz,da Silva,Danilo,0,0,0,0,0,0,0,0,0,0,0,0,209,0,0,4,0,0,0,0,0,0,2018-08-11T14:00:00Z,11 Aug 15:00,0,0,0,0,0,6,0,0,0,0,0,0,1,0,281907,0,0,0,3,0,0,0,0,0,0,45,TRUE,0,0,1
210,Sergio,Agüero,Agüero,0,14,0,0,0,0,0,0,8,10.8,0,0,210,0,0,4,1,1,0,1.8,0,1,2018-08-11T14:00:00Z,11 Aug 15:00,0,0,45,0,0,6,0,0,0,0,1,0,1,0,67727,2,0,1,3,0,8,1,0,0,0,55,TRUE,0,0,1
211,Gabriel Fernando,de Jesus,Jesus,0,31,0,1,0,2,0,2,19,2.8,1,0,211,0,0,4,0,3,0,1.5,1,0,2018-08-11T14:00:00Z,11 Aug 15:00,0,0,90,1,0,6,0,0,0,0,4,0,1,0,11803,1,0,2,3,0,11,2,0,0,0,60,TRUE,0,0,1
212,Ederson,Santana de Moraes,Ederson,0,0,0,0,0,0,0,0,0,0,0,0,212,0,0,4,0,0,0,0,0,0,2018-08-11T14:00:00Z,11 Aug 15:00,0,0,0,0,0,6,0,0,0,0,0,0,1,0,5521,0,0,0,3,0,0,0,0,0,0,50,TRUE,0,0,1
213,Claudio,Bravo,Bravo,0,18,0,0,0,16,0,1,14,0,0,0,213,0,0,6,0,2,0,3,25.6,0,2018-08-10T19:00:00Z,10 Aug 20:00,0,0,90,0,0,14,0,0,0,0,10,0,1,4,230133,0,0,1,1,2,4,2,0,0,0,50,FALSE,0,0,1
214,Raheem,Sterling,Sterling,0,0,0,0,0,0,0,0,0,0,0,0,214,0,0,6,0,0,0,0,0,0,2018-08-10T19:00:00Z,10 Aug 20:00,0,0,0,0,0,14,0,0,0,0,0,0,1,0,6756,0,0,0,1,2,0,0,0,0,0,45,FALSE,0,0,1
215,Kevin,De Bruyne,De Bruyne,0,45,0,0,0,16,0,4,38,1,0,0,215,0,0,6,0,2,0,2,18.6,0,2018-08-10T19:00:00Z,10 Aug 20:00,0,0,90,0,0,14,0,0,0,0,6,0,1,0,62679,0,1,0,1,2,0,1,0,0,0,45,FALSE,0,0,1
216,Leroy,Sané,Sané,0,0,0,0,0,0,0,0,0,0,0,0,216,0,0,6,0,0,0,0,0,0,2018-08-10T19:00:00Z,10 Aug 20:00,0,0,0,0,0,14,0,0,0,0,0,0,1,0,46271,0,0,0,1,2,0,0,0,0,0,45,FALSE,0,0,1
217,Riyad,Mahrez,Mahrez,0,0,0,0,0,0,0,0,0,0,0,0,217,0,0,6,0,0,0,0,0,0,2018-08-10T19:00:00Z,10 Aug 20:00,0,0,0,0,0,14,0,0,0,0,0,0,1,0,20221,0,0,0,1,2,0,0,0,0,0,45,FALSE,0,0,1
218,Bernardo Mota,Veiga de Carvalho e Silva,Bernardo Silva,0,0,0,0,0,0,0,0,0,0,0,0,218,0,0,6,0,0,0,0,0,0,2018-08-10T19:00:00Z,10 Aug 20:00,0,0,0,0,0,14,0,0,0,0,0,0,1,0,53420,0,0,0,1,2,0,0,0,0,0,40,FALSE,0,0,1
219,David,Silva,David Silva,0,50,0,0,0,12,0,1,41,40.3,1,0,219,0,0,6,0,2,0,5.6,13.4,3,2018-08-10T19:00:00Z,10 Aug 20:00,0,0,90,0,0,14,0,0,0,0,6,0,1,0,16126,4,0,0,1,2,2,1,0,0,0,50,FALSE,0,0,1
220,Phil,Foden,Foden,0,59,0,0,0,14,0,3,54,1.6,0,0,220,0,0,6,1,2,0,1.4,10.6,0,2018-08-10T19:00:00Z,10 Aug 20:00,0,0,90,0,0,14,0,0,0,0,8,0,1,0,759622,0,0,0,1,2,2,1,0,0,0,55,FALSE,0,0,1
221,Fernando,Luiz Rosa,Fernandinho,1,45,1,0,0,23,0,4,33,24.3,0,0,221,0,0,6,2,2,0,5.8,17.6,2,2018-08-10T19:00:00Z,10 Aug 20:00,0,0,90,0,0,14,0,0,0,0,8,0,1,0,58068,5,2,0,1,2,16,4,0,0,0,50,FALSE,0,0,1
222,Ilkay,Gündogan,Gündogan,0,0,0,0,0,0,0,0,0,0,0,0,222,0,0,6,0,0,0,0,0,0,2018-08-10T19:00:00Z,10 Aug 20:00,0,0,0,0,0,14,0,0,0,0,0,0,1,0,17835,0,0,0,1,2,0,0,0,0,0,50,FALSE,0,0,1
440,José Ángel,Esmorís Tasende,Angeliño,0,43,0,0,0,11,0,6,36,1.8,0,0,440,0,0,9,2,2,0,2,18,0,2018-08-11T14:00:00Z,11 Aug 15:00,0,0,90,0,0,18,0,0,0,0,5,0,1,0,10711,0,1,0,0,2,0,0,0,0,0,45,FALSE,0,1,1
443,Rodrigo,Hernandez,Rodrigo,0,3,0,0,0,3,0,0,3,0.1,0,0,443,0,0,3,0,0,0,0.1,1,0,2018-08-11T14:00:00Z,11 Aug 15:00,0,0,1,0,0,9,0,0,0,0,1,0,1,0,6259,0,0,0,2,0,0,1,0,0,0,45,FALSE,0,0,1
122,Aaron,Wan-Bissaka,Wan-Bissaka,1,23,1,0,0,21,0,0,20,13.8,6,0,122,0,0,4,1,0,0,4.8,23.8,1,2018-08-11T14:00:00Z,11 Aug 15:00,0,0,14,0,0,10,0,0,0,0,1,0,1,0,480326,0,0,0,3,0,10,4,0,0,0,105,FALSE,0,0,1
223,Chris,Smalling,Smalling,0,36,0,0,0,4,0,1,32,20.6,2,0,223,0,0,1,3,0,0,4.4,6,1,2018-08-12T15:00:00Z,12 Aug 16:00,0,0,59,1,0,1,0,0,0,0,4,0,1,0,244252,2,0,1,2,0,17,1,0,0,0,90,FALSE,0,0,1
224,Ashley,Young,Young,0,0,0,0,0,0,0,0,0,0,0,0,224,0,0,6,0,0,0,0,0,0,2018-08-10T19:00:00Z,10 Aug 20:00,0,0,0,0,0,14,0,0,0,0,0,0,1,0,58166,0,0,0,1,2,0,0,0,0,0,55,FALSE,0,0,1
225,Victor,Lindelöf,Lindelöf,0,37,0,0,0,15,0,3,30,8.2,5,0,225,0,0,6,0,2,0,6.1,14.4,0,2018-08-10T19:00:00Z,10 Aug 20:00,0,0,90,0,0,14,0,0,0,0,4,0,1,0,44794,5,2,1,1,2,38,2,0,0,0,55,FALSE,0,0,1
226,Luke,Shaw,Shaw,0,37,0,0,0,6,0,3,31,13.1,0,0,226,0,0,6,2,1,0,1.4,0.8,1,2018-08-10T19:00:00Z,10 Aug 20:00,0,0,62,0,0,14,0,1,0,0,4,0,1,0,11148,1,1,0,1,2,0,1,0,0,0,45,FALSE,0,1,1
227,Marcos,Rojo,Rojo,0,87,0,0,0,13,0,3,72,15.3,1,0,227,0,0,6,2,2,0,5,19.2,1,2018-08-10T19:00:00Z,10 Aug 20:00,0,0,90,0,0,14,0,0,0,0,10,0,1,0,33600,1,0,0,1,2,15,2,0,0,0,50,FALSE,0,0,1
228,Eric,Bailly,Bailly,0,17,0,0,0,5,0,2,16,1.5,0,0,228,0,0,6,0,1,0,0.5,3.4,0,2018-08-10T19:00:00Z,10 Aug 20:00,0,0,10,0,0,14,0,0,0,0,3,0,1,0,3960,0,0,0,1,2,0,1,0,0,0,50,FALSE,0,0,1
229,José Diogo,Dalot Teixeira,Dalot,0,0,0,0,0,0,0,0,0,0,0,0,229,0,0,6,0,0,0,0,0,0,2018-08-10T19:00:00Z,10 Aug 20:00,0,0,0,0,0,14,0,0,0,0,0,0,1,0,1207,0,0,0,1,2,0,0,0,0,0,45,FALSE,0,0,1
230,Matteo,Darmian,Darmian,0,0,0,0,0,0,0,0,0,0,0,0,230,0,0,6,0,0,0,0,0,0,2018-08-10T19:00:00Z,10 Aug 20:00,0,0,0,0,0,14,0,0,0,0,0,0,1,0,5517,0,0,0,1,2,0,0,0,0,0,45,FALSE,0,0,1
231,Phil,Jones,Jones,0,76,0,0,0,13,0,1,65,6.2,0,0,231,0,0,6,0,1,0,1.7,10.8,0,2018-08-10T19:00:00Z,10 Aug 20:00,0,0,79,0,0,14,0,0,0,0,5,0,1,0,10282,2,2,0,1,2,0,2,0,0,0,50,FALSE,0,0,1
232,Romelu,Lukaku,Lukaku,0,0,0,0,0,0,0,0,0,0,0,0,232,0,0,6,0,0,0,0,0,0,2018-08-10T19:00:00Z,10 Aug 20:00,0,0,0,0,0,14,0,0,0,0,0,0,1,0,3158,0,0,0,1,2,0,0,0,0,0,50,FALSE,0,0,1
233,Marcus,Rashford,Rashford,0,37,0,0,0,10,0,1,29,13.8,2,0,233,0,0,6,0,1,0,5.1,8.2,1,2018-08-10T19:00:00Z,10 Aug 20:00,0,0,62,1,0,14,0,0,0,0,3,0,1,0,32765,1,0,0,1,2,29,2,0,0,0,65,FALSE,0,0,1
234,Mason,Greenwood,Greenwood,0,2,0,1,1,25,0,0,2,14.5,0,0,234,0,0,6,0,1,1,9.1,35,1,2018-08-10T19:00:00Z,10 Aug 20:00,0,0,27,0,1,14,0,0,0,0,0,0,1,0,242752,0,0,1,1,2,41,6,0,0,0,90,FALSE,0,0,1
235,David,de Gea,de Gea,0,0,0,0,0,0,0,0,0,0,0,0,235,0,0,6,0,0,0,0,0,0,2018-08-10T19:00:00Z,10 Aug 20:00,0,0,0,0,0,14,0,0,0,0,0,0,1,0,77976,0,0,0,1,2,0,0,0,0,0,55,FALSE,0,0,1
236,Sergio,Romero,Romero,0,18,0,0,0,2,0,0,17,4.9,0,0,236,0,0,6,1,2,0,3.4,1.4,0,2018-08-10T19:00:00Z,10 Aug 20:00,0,0,90,1,0,14,0,0,0,0,1,0,1,0,47721,4,1,0,1,2,28,2,0,0,0,60,FALSE,0,0,1
237,Lee,Grant,Grant,0,0,0,0,0,0,0,0,0,0,0,0,237,0,0,5,0,0,0,0,0,0,2018-08-12T12:30:00Z,12 Aug 13:30,0,0,0,0,0,19,0,0,0,0,0,0,1,0,7587,0,0,0,0,4,0,0,0,0,0,50,TRUE,0,0,1
238,Paul,Pogba,Pogba,0,0,0,0,0,0,0,0,0,0,0,0,238,0,0,5,0,0,0,0,0,0,2018-08-12T12:30:00Z,12 Aug 13:30,0,0,0,0,0,19,0,0,0,0,0,0,1,0,10305,0,0,0,0,4,0,0,0,0,0,50,TRUE,0,0,1
239,Anthony,Martial,Martial,0,0,0,0,0,0,0,0,0,0,0,0,239,0,0,5,0,0,0,0,0,0,2018-08-12T12:30:00Z,12 Aug 13:30,0,0,0,0,0,19,0,0,0,0,0,0,1,0,347393,0,0,0,0,4,0,0,0,0,0,50,TRUE,0,0,1
240,Alexis,Sánchez,Sánchez,0,0,0,0,0,0,0,0,0,0,0,0,240,0,0,5,0,0,0,0,0,0,2018-08-12T12:30:00Z,12 Aug 13:30,0,0,0,0,0,19,0,0,0,0,0,0,1,0,22078,0,0,0,0,4,0,0,0,0,0,45,TRUE,0,0,1
241,Jesse,Lingard,Lingard,0,0,0,0,0,0,0,0,0,0,0,0,241,0,0,5,0,0,0,0,0,0,2018-08-12T12:30:00Z,12 Aug 13:30,0,0,0,0,0,19,0,0,0,0,0,0,1,0,26690,0,0,0,0,4,0,0,0,0,0,50,TRUE,0,0,1
242,Juan,Mata,Mata,0,58,0,0,0,27,1,5,53,0.5,0,0,242,0,0,5,3,0,0,2.5,20,0,2018-08-12T12:30:00Z,12 Aug 13:30,0,0,90,0,0,19,0,0,0,0,9,0,1,0,13273,0,1,1,0,4,4,6,0,0,0,50,TRUE,0,0,1
243,Daniel,James,James,0,0,0,0,0,0,0,0,0,0,0,0,243,0,0,5,0,0,0,0,0,0,2018-08-12T12:30:00Z,12 Aug 13:30,0,0,0,0,0,19,0,0,0,0,0,0,1,0,3630,0,0,0,0,4,0,0,0,0,0,50,TRUE,0,0,1
244,Frederico,Rodrigues de Paula Santos,Fred,0,0,0,0,0,0,0,0,0,0,0,0,244,0,0,5,0,0,0,0,0,0,2018-08-12T12:30:00Z,12 Aug 13:30,0,0,0,0,0,19,0,0,0,0,0,0,1,0,7541,0,0,0,0,4,0,0,0,0,0,45,TRUE,0,0,1
245,Angel,Gomes,Gomes,0,69,0,0,0,22,1,2,58,8.3,1,0,245,0,0,5,1,0,0,4.2,20.8,0,2018-08-12T12:30:00Z,12 Aug 13:30,0,0,90,1,1,19,0,0,0,0,6,0,1,0,787168,4,2,0,0,4,13,5,0,0,0,50,TRUE,0,1,1
246,Andreas,Pereira,Pereira,0,61,0,0,0,29,1,4,60,1.3,0,0,246,0,0,5,0,0,0,1.6,14.2,0,2018-08-12T12:30:00Z,12 Aug 13:30,0,0,90,0,0,19,0,0,0,0,4,0,1,0,811455,0,1,0,0,4,0,6,0,0,0,60,TRUE,0,0,1
247,Nemanja,Matic,Matic,1,79,1,0,2,41,1,1,70,30.3,0,0,247,0,0,5,0,0,0,7.3,32.2,2,2018-08-12T12:30:00Z,12 Aug 13:30,0,0,90,0,1,19,0,0,0,0,3,0,1,0,720845,1,2,0,0,4,10,11,0,0,0,60,TRUE,0,0,1
248,Scott,McTominay,McTominay,0,0,0,0,0,0,0,0,0,0,0,0,248,0,0,5,0,0,0,0,0,0,2018-08-12T12:30:00Z,12 Aug 13:30,0,0,0,0,0,19,0,0,0,0,0,0,1,0,2117,0,0,0,0,4,0,0,0,0,0,65,TRUE,0,0,1
249,Tahith,Chong,Chong,0,21,0,0,0,3,0,2,21,0.8,0,0,249,0,0,5,2,0,0,0.3,2,0,2018-08-12T12:30:00Z,12 Aug 13:30,0,0,21,0,0,19,0,0,0,0,3,0,1,0,61150,0,0,0,0,4,0,1,0,0,0,55,TRUE,0,0,1
250,James,Garner,Garner,0,0,0,0,0,0,0,0,0,0,0,0,250,0,0,5,0,0,0,0,0,0,2018-08-12T12:30:00Z,12 Aug 13:30,0,0,0,0,0,19,0,0,0,0,0,0,1,0,73838,0,0,0,0,4,0,0,0,0,0,70,TRUE,0,0,1
251,Matt,Ritchie,Ritchie,0,33,0,0,3,52,1,0,27,29.3,1,0,251,0,0,5,0,0,2,18.5,77,2,2018-08-12T12:30:00Z,12 Aug 13:30,0,0,81,1,1,19,0,0,0,0,5,0,1,0,758512,3,3,1,0,4,79,16,0,0,0,95,TRUE,0,0,1
252,Fabian,Schär,Schär,0,68,0,0,0,7,1,1,63,5.4,1,0,252,0,0,5,2,0,0,2.2,3.8,0,2018-08-12T12:30:00Z,12 Aug 13:30,0,0,90,1,0,19,0,0,0,0,8,0,1,0,32164,3,0,2,0,4,13,3,0,0,0,55,TRUE,0,0,1
253,DeAndre,Yedlin,Yedlin,0,26,0,1,0,20,1,1,22,29,1,0,253,0,0,5,0,0,1,16.9,47.6,2,2018-08-12T12:30:00Z,12 Aug 13:30,0,0,86,1,0,19,0,0,0,0,3,0,1,0,2478960,6,0,1,0,4,92,8,0,0,0,130,TRUE,1,0,1
254,Federico,Fernández,Fernández,1,102,1,0,0,26,1,1,95,54.4,0,0,254,0,0,5,3,0,0,10,33.6,3,2018-08-12T12:30:00Z,12 Aug 13:30,0,0,90,0,3,19,0,0,0,0,4,0,1,0,14696,2,0,0,0,4,12,6,0,0,0,55,TRUE,0,0,1
255,Paul,Dummett,Dummett,0,0,0,0,0,0,0,0,0,0,0,0,255,0,0,5,0,0,0,0,0,0,2018-08-12T12:30:00Z,12 Aug 13:30,0,0,0,0,0,19,0,0,0,0,0,0,1,0,51015,0,0,0,0,4,0,0,0,0,0,60,TRUE,0,0,1
256,Javier,Manquillo,Manquillo,0,68,0,0,0,15,1,1,60,17.6,2,0,256,0,0,5,0,0,0,3.8,10,1,2018-08-12T12:30:00Z,12 Aug 13:30,0,0,90,0,0,19,0,0,0,0,9,0,1,0,232708,2,1,1,0,4,10,3,0,0,0,75,TRUE,0,0,1
257,Florian,Lejeune,Lejeune,1,35,1,0,0,23,1,0,28,29.5,2,0,257,0,0,5,1,0,0,6.7,22.6,2,2018-08-12T12:30:00Z,12 Aug 13:30,0,0,68,0,0,19,0,0,0,0,1,0,1,0,1687015,1,0,1,0,4,15,5,0,0,0,95,TRUE,0,0,1
258,Jamaal,Lascelles,Lascelles,0,18,0,0,0,6,0,0,14,41.8,2,0,258,0,0,8,1,0,0,6.4,6,4,2018-08-12T12:30:00Z,12 Aug 13:30,0,0,34,1,0,4,0,0,0,0,1,0,1,0,82610,0,1,3,0,0,16,1,0,0,0,55,TRUE,0,0,1
259,Ciaran,Clark,Clark,0,0,0,0,0,0,0,0,0,0,0,0,259,0,0,5,0,0,0,0,0,0,2018-08-12T12:30:00Z,12 Aug 13:30,0,0,0,0,0,19,0,0,0,0,0,0,1,0,17914,0,0,0,0,4,0,0,0,0,0,50,TRUE,0,0,1
260,Yoshinori,Muto,Muto,0,37,0,0,1,27,1,0,24,0,0,0,260,0,1,1,0,0,0,2.1,21.4,0,2018-08-12T15:00:00Z,12 Aug 16:00,0,0,90,0,0,1,0,0,0,0,13,0,1,3,796937,0,0,0,2,0,0,8,0,0,0,55,FALSE,0,0,1
261,Jose Luis,Mato Sanmartín,Joselu,0,0,0,0,0,0,0,0,0,0,0,0,261,0,0,1,0,0,0,0,0,0,2018-08-12T15:00:00Z,12 Aug 16:00,0,0,0,0,0,1,0,0,0,0,0,0,1,0,11627,0,0,0,2,0,0,0,0,0,0,50,FALSE,0,0,1
262,Martin,Dubravka,Dubravka,0,72,0,0,2,30,1,2,67,0.3,0,0,262,0,0,1,1,0,0,1.4,13.6,0,2018-08-12T15:00:00Z,12 Aug 16:00,0,0,90,0,0,1,0,0,0,0,6,0,1,0,415001,0,2,0,2,0,0,8,0,0,0,55,FALSE,0,0,1
263,Karl,Darlow,Darlow,0,0,0,0,0,0,0,0,0,0,0,0,263,0,0,1,0,0,0,0,0,0,2018-08-12T15:00:00Z,12 Aug 16:00,0,0,0,0,0,1,0,0,0,0,0,0,1,0,105138,0,0,0,2,0,0,0,0,0,0,55,FALSE,0,0,1
264,Frederick,Woodman,Woodman,0,0,0,0,0,0,0,0,0,0,0,0,264,0,0,1,0,0,0,0,0,0,2018-08-12T15:00:00Z,12 Aug 16:00,0,0,0,0,0,1,0,0,0,0,0,0,1,0,405078,0,0,0,2,0,0,0,0,0,0,65,FALSE,0,0,1
266,Miguel,Almirón,Almirón,0,0,0,0,0,0,0,0,0,0,0,0,266,0,0,1,0,0,0,0,0,0,2018-08-12T15:00:00Z,12 Aug 16:00,0,0,0,0,0,1,0,0,0,0,0,0,1,0,53010,0,0,0,2,0,0,0,0,0,0,55,FALSE,0,0,1
267,Christian,Atsu,Atsu,2,56,0,0,3,46,1,4,43,28,0,0,267,0,0,1,0,0,0,11.4,56.8,2,2018-08-12T15:00:00Z,12 Aug 16:00,0,0,90,0,0,1,0,0,0,0,6,0,1,0,440329,2,2,0,2,0,29,15,0,0,0,60,FALSE,0,0,1
268,Sung-yueng,Ki,Ki Sung-yueng,0,59,0,1,0,21,1,6,55,1.3,0,0,268,0,0,1,2,0,0,5.3,14.2,0,2018-08-12T15:00:00Z,12 Aug 16:00,0,0,90,0,0,1,0,0,0,0,2,0,1,0,55175,0,0,1,2,0,37,6,0,0,0,55,FALSE,0,0,1
269,Jonjo,Shelvey,Shelvey,0,0,0,0,0,0,0,0,0,0,0,0,269,0,0,1,0,0,0,0,0,0,2018-08-12T15:00:00Z,12 Aug 16:00,0,0,0,0,0,1,0,0,0,0,0,0,1,0,18028,0,0,0,2,0,0,0,0,0,0,55,FALSE,0,0,1
270,Sean,Longstaff,Longstaff,0,30,0,0,0,22,1,1,24,17.8,3,0,270,0,0,1,3,0,1,10.8,38.2,1,2018-08-12T15:00:00Z,12 Aug 16:00,0,0,86,0,0,1,0,0,0,0,2,0,1,0,95478,7,0,0,2,0,52,7,0,0,0,110,FALSE,1,1,1
271,Isaac,Hayden,Hayden,0,0,0,0,0,0,0,0,0,0,0,0,271,0,0,1,0,0,0,0,0,0,2018-08-12T15:00:00Z,12 Aug 16:00,0,0,0,0,0,1,0,0,0,0,0,0,1,0,234240,0,0,0,2,0,0,0,0,0,0,85,FALSE,0,0,1
272,Timm,Klose,Klose,0,52,0,0,0,12,1,1,44,11.8,1,0,272,0,0,1,1,0,0,1.9,7.6,1,2018-08-12T15:00:00Z,12 Aug 16:00,0,0,90,0,0,1,0,0,0,0,9,0,1,0,328372,2,0,0,2,0,0,3,0,0,0,55,FALSE,0,0,1
273,Ben,Godfrey,Godfrey,0,26,0,0,0,0,0,0,24,14.8,1,0,273,0,0,1,2,0,0,2.6,4.4,1,2018-08-12T15:00:00Z,12 Aug 16:00,0,0,30,0,0,1,0,0,0,0,2,0,1,0,1288634,0,0,0,2,0,7,0,0,0,0,100,FALSE,0,1,1
274,Maximillian,Aarons,Aarons,0,49,0,0,0,9,1,2,42,6.7,0,0,274,0,0,1,0,0,0,2.1,3.6,0,2018-08-12T15:00:00Z,12 Aug 16:00,0,0,90,0,0,1,0,0,0,0,6,0,1,0,65757,3,0,1,2,0,11,3,0,0,0,55,FALSE,0,0,1
275,Christoph,Zimmermann,Zimmermann,0,7,0,0,0,3,0,0,5,11.1,0,0,275,0,0,1,0,0,0,1.2,0,1,2018-08-12T15:00:00Z,12 Aug 16:00,0,0,3,0,0,1,0,0,0,0,0,0,1,0,663136,0,0,1,2,0,1,1,0,0,0,95,FALSE,0,0,1
276,Jamal,Lewis,Lewis,0,36,0,0,0,23,1,1,25,6.1,1,0,276,0,0,1,1,0,1,6.5,35.6,0,2018-08-12T15:00:00Z,12 Aug 16:00,0,0,90,0,0,1,0,0,0,0,2,0,1,0,312286,1,0,0,2,0,23,8,0,0,0,75,FALSE,0,0,1
277,Grant,Hanley,Hanley,0,0,0,0,0,0,0,0,0,0,0,0,277,0,0,1,0,0,0,0,0,0,2018-08-12T15:00:00Z,12 Aug 16:00,0,0,0,0,0,1,0,0,0,0,0,0,1,0,14777,0,0,0,2,0,0,0,0,0,0,50,FALSE,0,0,1
278,Teemu,Pukki,Pukki,0,0,0,0,0,0,0,0,0,0,0,0,278,0,0,1,0,0,0,0,0,0,2018-08-12T15:00:00Z,12 Aug 16:00,0,0,0,0,0,1,0,0,0,0,0,0,1,0,2951,0,0,0,2,0,0,0,0,0,0,50,FALSE,0,0,1
279,Dennis,Srbeny,Srbeny,0,0,0,0,0,0,0,0,0,0,0,0,279,0,0,1,0,0,0,0,0,0,2018-08-12T15:00:00Z,12 Aug 16:00,0,0,0,0,0,1,0,0,0,0,0,0,1,0,2425,0,0,0,2,0,0,0,0,0,0,50,FALSE,0,0,1
280,Tim,Krul,Krul,0,22,0,1,0,4,1,1,18,29.6,0,0,280,0,0,1,0,0,0,7.7,8.2,2,2018-08-12T15:00:00Z,12 Aug 16:00,0,0,78,1,0,1,0,0,0,0,2,0,1,0,1452447,1,1,1,2,0,39,2,0,0,0,110,FALSE,0,0,1
281,Michael,McGovern,McGovern,0,6,0,0,0,1,0,0,5,0.7,0,0,281,0,0,1,0,0,0,0.1,0.2,0,2018-08-12T15:00:00Z,12 Aug 16:00,0,0,11,0,0,1,0,0,0,0,1,0,1,0,121425,2,0,0,2,0,0,1,0,0,0,105,FALSE,0,0,1
282,Mario,Vrancic,Vrancic,0,20,0,0,0,15,0,2,5,0,0,0,282,0,0,6,0,1,0,2.1,21.2,0,2018-08-10T19:00:00Z,10 Aug 20:00,0,0,90,0,0,11,0,0,0,0,6,0,1,3,1357478,0,0,0,1,2,0,3,0,0,0,60,TRUE,0,0,1
283,Emiliano,Buendía,Buendía,0,0,0,0,0,0,0,0,0,0,0,0,283,0,0,6,0,0,0,0,0,0,2018-08-10T19:00:00Z,10 Aug 20:00,0,0,0,0,0,11,0,0,0,0,0,0,1,0,3795,0,0,0,1,2,0,0,0,0,0,50,TRUE,0,0,1
284,Onel,Hernández,Hernández,0,0,0,0,0,0,0,0,0,0,0,0,284,0,0,6,0,0,0,0,0,0,2018-08-10T19:00:00Z,10 Aug 20:00,0,0,0,0,0,11,0,0,0,0,0,0,1,0,165459,0,0,0,1,2,0,0,0,0,0,60,TRUE,0,0,1
285,Marco,Stiepermann,Stiepermann,0,0,0,0,0,0,0,0,0,0,0,0,285,0,0,6,0,0,0,0,0,0,2018-08-10T19:00:00Z,10 Aug 20:00,0,0,0,0,0,11,0,0,0,0,0,0,1,0,169200,0,0,0,1,2,0,0,0,0,0,55,TRUE,0,0,1
286,Kenny,McLean,McLean,0,67,0,0,3,30,0,7,57,14.5,1,0,286,0,1,6,0,1,1,11.1,60.8,1,2018-08-10T19:00:00Z,10 Aug 20:00,0,0,90,0,0,11,0,0,0,0,8,0,1,0,162866,1,0,0,1,2,36,11,0,0,0,50,TRUE,1,0,1
287,Todd,Cantwell,Cantwell,0,0,0,0,0,0,0,0,0,0,0,0,287,0,0,6,0,0,0,0,0,0,2018-08-10T19:00:00Z,10 Aug 20:00,0,0,0,0,0,11,0,0,0,0,0,0,1,0,5350,0,0,0,1,2,0,0,0,0,0,50,TRUE,0,0,1
288,Moritz,Leitner,Leitner,0,0,0,0,0,0,0,0,0,0,0,0,288,0,0,6,0,0,0,0,0,0,2018-08-10T19:00:00Z,10 Aug 20:00,0,0,0,0,0,11,0,0,0,0,0,0,1,0,41761,0,0,0,1,2,0,0,0,0,0,65,TRUE,0,0,1
289,Alexander,Tettey,Tettey,0,34,0,0,0,16,0,5,27,2.3,0,0,289,0,0,6,1,1,0,3,20.6,0,2018-08-10T19:00:00Z,10 Aug 20:00,0,0,90,0,0,11,0,0,0,0,5,0,1,0,20155,0,3,0,1,2,7,2,0,0,0,50,TRUE,0,0,1
290,Tom,Trybull,Trybull,0,0,0,0,0,0,0,0,0,0,0,0,290,0,0,6,0,0,0,0,0,0,2018-08-10T19:00:00Z,10 Aug 20:00,0,0,0,0,0,11,0,0,0,0,0,0,1,0,868,0,0,0,1,2,0,0,0,0,0,50,TRUE,0,0,1
434,Josip,Drmic,Drmic,0,0,0,0,0,0,0,0,0,0,0,0,434,0,0,10,0,0,0,0,0,0,2018-08-11T16:30:00Z,11 Aug 17:30,0,0,0,0,0,8,0,0,0,0,0,0,1,0,7490,0,0,0,2,2,0,0,0,0,0,55,TRUE,0,0,1
435,Patrick,Roberts,Roberts,0,15,0,0,0,6,0,0,12,3.8,1,0,435,0,0,10,1,2,0,1.4,2.2,0,2018-08-11T16:30:00Z,11 Aug 17:30,0,0,70,0,0,8,0,0,0,0,3,0,1,0,40560,2,1,1,2,2,8,2,0,0,0,50,TRUE,0,0,1
291,Enda,Stevens,Stevens,0,24,0,0,0,13,0,8,23,0.3,1,0,291,0,0,6,0,1,0,2.4,23.4,0,2018-08-10T19:00:00Z,10 Aug 20:00,0,0,90,0,0,11,0,0,0,0,6,0,1,0,133757,0,0,0,1,2,0,2,0,0,0,55,TRUE,0,0,1
292,Kieron,Freeman,Freeman,0,35,0,0,0,15,0,10,31,0.5,0,0,292,0,0,6,0,1,0,2.6,25.2,0,2018-08-10T19:00:00Z,10 Aug 20:00,0,0,90,0,0,11,0,0,0,0,1,0,1,0,56146,0,0,0,1,2,0,2,0,0,0,50,TRUE,0,0,1
293,Jack,O'Connell,O'Connell,0,0,0,0,0,0,0,0,0,0,0,0,293,0,0,6,0,0,0,0,0,0,2018-08-10T19:00:00Z,10 Aug 20:00,0,0,0,0,0,11,0,0,0,0,0,0,1,0,101792,0,0,0,1,2,0,0,0,0,0,60,TRUE,0,0,1
294,George,Baldock,Baldock,0,0,0,0,0,0,0,0,0,0,0,0,294,0,0,6,0,0,0,0,0,0,2018-08-10T19:00:00Z,10 Aug 20:00,0,0,0,0,0,11,0,0,0,0,0,0,1,0,2241,0,0,0,1,2,0,0,0,0,0,55,TRUE,0,0,1
295,John,Egan,Egan,1,37,1,0,0,22,0,1,24,45.9,0,0,295,0,0,6,1,1,0,8.2,13.8,4,2018-08-10T19:00:00Z,10 Aug 20:00,0,0,90,2,0,11,0,0,0,0,7,0,1,0,474589,3,2,0,1,2,22,5,0,0,0,105,TRUE,0,0,1
296,Richard,Stearman,Stearman,0,0,0,0,0,0,0,0,0,0,0,0,296,0,0,6,0,0,0,0,0,0,2018-08-10T19:00:00Z,10 Aug 20:00,0,0,0,0,0,11,0,0,0,0,0,0,1,0,42537,0,0,0,1,2,0,0,0,0,0,50,TRUE,0,0,1
297,John,Lundstram,Lundstram,1,56,0,0,0,24,0,2,48,28.8,2,0,297,0,0,6,0,1,0,5.9,27,2,2018-08-10T19:00:00Z,10 Aug 20:00,0,0,90,0,0,11,0,0,0,0,9,0,1,0,97791,2,0,1,1,2,3,5,0,0,0,65,TRUE,0,0,1
298,Billy,Sharp,Sharp,0,0,0,0,0,4,0,2,0,0,0,0,298,0,0,6,0,1,0,0.7,7,0,2018-08-10T19:00:00Z,10 Aug 20:00,0,0,6,0,0,11,0,0,0,0,0,0,1,0,28693,0,0,0,1,2,0,1,0,0,0,50,TRUE,0,0,1
299,Jake,Eastwood,Eastwood,0,0,0,0,0,0,0,0,0,0,0,0,299,0,0,6,0,0,0,0,0,0,2018-08-10T19:00:00Z,10 Aug 20:00,0,0,0,0,0,11,0,0,0,0,0,0,1,0,9519,0,0,0,1,2,0,0,0,0,0,50,TRUE,0,0,1
300,Mark,Duffy,Duffy,0,0,0,0,0,0,0,0,0,0,0,0,300,0,0,6,0,0,0,0,0,0,2018-08-10T19:00:00Z,10 Aug 20:00,0,0,0,0,0,11,0,0,0,0,0,0,1,0,283400,0,0,0,1,2,0,0,0,0,0,70,TRUE,0,0,1
301,John,Fleck,Fleck,0,0,0,0,0,0,0,0,0,0,0,0,301,0,0,6,0,0,0,0,0,0,2018-08-10T19:00:00Z,10 Aug 20:00,0,0,0,0,0,11,0,0,0,0,0,0,1,0,46847,0,0,0,1,2,0,0,0,0,0,75,TRUE,0,0,1
302,Oliver,Norwood,Norwood,0,68,0,0,2,29,1,3,54,9.9,6,0,302,0,0,6,1,0,1,9.1,56.8,0,2018-08-10T19:00:00Z,10 Aug 20:00,0,0,83,0,0,11,0,0,0,0,7,0,1,0,354360,5,0,0,1,2,24,10,0,0,0,80,TRUE,0,0,1
303,David,McGoldrick,McGoldrick,0,6,0,0,0,3,0,0,6,0.6,0,0,303,0,0,6,0,1,0,0.3,0.4,0,2018-08-10T19:00:00Z,10 Aug 20:00,0,0,14,0,0,11,0,0,0,0,1,0,1,0,39595,0,0,0,1,2,2,1,0,0,0,45,TRUE,0,0,1
423,Chris,Basham,Basham,0,68,0,0,0,19,0,6,57,5.5,0,0,423,0,1,10,0,2,0,2.9,23.4,0,2018-08-11T16:30:00Z,11 Aug 17:30,0,0,90,0,0,8,0,0,0,0,9,0,1,0,94567,2,3,0,2,2,0,1,0,0,0,45,TRUE,0,0,1
436,Simon,Moore,Moore,0,0,0,0,0,0,0,0,0,0,0,0,436,0,0,10,0,0,0,0,0,0,2018-08-11T16:30:00Z,11 Aug 17:30,0,0,0,0,0,8,0,0,0,0,0,0,1,0,14398,0,0,0,2,2,0,0,0,0,0,45,TRUE,0,0,1
441,Luke,Freeman,Freeman,0,0,0,0,0,0,0,0,0,0,0,0,441,0,0,3,0,0,0,0,0,0,2018-08-11T14:00:00Z,11 Aug 15:00,0,0,0,0,0,9,0,0,0,0,0,0,1,0,20760,0,0,0,2,0,0,0,0,0,0,45,FALSE,0,0,1
444,Phil,Jagielka,Jagielka,0,0,0,0,0,0,0,0,0,0,0,0,444,0,0,3,0,0,0,0,0,0,2018-08-11T14:00:00Z,11 Aug 15:00,0,0,0,0,0,9,0,0,0,0,0,0,1,0,9466,0,0,0,2,0,0,0,0,0,0,50,FALSE,0,0,1
304,Jannik,Vestergaard,Vestergaard,0,52,0,0,0,8,1,5,48,5.1,0,0,304,0,1,6,3,0,0,1,4.6,0,2018-08-10T19:00:00Z,10 Aug 20:00,0,0,75,0,0,11,0,0,0,0,5,0,1,0,232569,2,1,0,1,2,0,2,0,0,0,60,TRUE,0,1,1
305,Ryan,Bertrand,Bertrand,0,20,0,0,0,13,1,4,17,5.8,0,0,305,0,0,6,0,0,0,1.7,11,0,2018-08-10T19:00:00Z,10 Aug 20:00,0,0,66,1,0,11,0,0,0,0,3,0,1,0,515309,1,3,0,1,2,0,2,0,0,0,70,TRUE,0,0,1
306,Yan,Valery,Valery,0,5,0,1,0,-2,0,0,4,0.5,0,0,306,0,0,6,1,1,0,2.2,4,0,2018-08-10T19:00:00Z,10 Aug 20:00,0,0,23,1,0,11,0,0,0,0,0,0,1,0,349932,0,0,0,1,2,17,1,0,0,0,110,TRUE,0,0,1
307,Jan,Bednarek,Bednarek,0,0,0,0,0,0,0,0,0,0,0,0,307,0,0,7,0,0,0,0,0,0,2018-08-11T11:30:00Z,11 Aug 12:30,0,0,0,0,0,17,0,0,0,0,0,0,1,0,16575,0,0,0,2,1,0,0,0,0,0,45,TRUE,0,0,1
308,Jack,Stephens,Stephens,0,0,0,0,0,0,0,0,0,0,0,0,308,0,0,7,0,0,0,0,0,0,2018-08-11T11:30:00Z,11 Aug 12:30,0,0,0,0,0,17,0,0,0,0,0,0,1,0,4954,0,0,0,2,1,0,0,0,0,0,45,TRUE,0,0,1
310,Maya,Yoshida,Yoshida,0,40,0,0,0,6,0,3,27,1.2,0,0,310,0,0,7,1,2,0,0.8,6,0,2018-08-11T11:30:00Z,11 Aug 12:30,0,0,90,0,0,17,0,0,0,0,1,0,1,0,81314,1,1,1,2,1,1,1,0,0,0,45,TRUE,0,0,1
311,Kayne,Ramsay,Ramsay,0,33,0,0,0,9,0,5,22,0.7,0,0,311,0,0,7,1,2,0,4.5,18.4,0,2018-08-11T11:30:00Z,11 Aug 12:30,0,0,90,0,0,17,0,0,0,0,6,0,1,0,10582,1,1,1,2,1,26,1,0,0,0,45,TRUE,0,0,1
312,Charlie,Austin,Austin,0,48,0,0,0,16,0,8,38,0.5,0,0,312,0,0,7,1,2,0,2.1,14.8,0,2018-08-11T11:30:00Z,11 Aug 12:30,0,0,90,0,0,17,0,0,0,0,7,0,1,0,423390,1,2,0,2,1,6,1,0,0,0,50,TRUE,0,0,1
313,Danny,Ings,Ings,0,38,0,0,0,8,0,4,24,1.4,0,0,313,0,0,7,0,2,0,1.2,10,0,2018-08-11T11:30:00Z,11 Aug 12:30,0,0,90,0,0,17,0,0,0,0,4,0,1,0,9349,0,0,1,2,1,1,1,0,0,0,45,TRUE,0,0,1
314,Michael,Obafemi,Obafemi,0,0,0,0,0,0,0,0,0,0,0,0,314,0,0,7,0,0,0,0,0,0,2018-08-11T11:30:00Z,11 Aug 12:30,0,0,0,0,0,17,0,0,0,0,0,0,1,0,1440,0,0,0,2,1,0,0,0,0,0,45,TRUE,0,0,1
315,Shane,Long,Long,0,0,0,0,0,0,0,0,0,0,0,0,315,0,0,7,0,0,0,0,0,0,2018-08-11T11:30:00Z,11 Aug 12:30,0,0,0,0,0,17,0,0,0,0,0,0,1,0,8511,0,0,0,2,1,0,0,0,0,0,45,TRUE,0,0,1
316,Sam,Gallagher,Gallagher,0,0,0,0,0,0,0,0,0,0,0,0,316,0,0,7,0,0,0,0,0,0,2018-08-11T11:30:00Z,11 Aug 12:30,0,0,0,0,0,17,0,0,0,0,0,0,1,0,12652,0,0,0,2,1,0,0,0,0,0,40,TRUE,0,0,1
317,Fraser,Forster,Forster,1,22,1,0,0,19,0,3,19,36.7,1,0,317,0,0,7,3,2,0,6.7,21.4,2,2018-08-11T11:30:00Z,11 Aug 12:30,0,0,68,0,1,17,0,0,0,0,4,0,1,0,46207,1,0,1,2,1,9,5,0,0,0,60,TRUE,0,0,1
318,Alex,McCarthy,McCarthy,0,57,0,0,0,13,0,1,43,31.8,2,0,318,0,0,7,3,2,0,4.3,11.4,2,2018-08-11T11:30:00Z,11 Aug 12:30,0,0,90,0,0,17,0,0,0,0,12,0,1,0,51885,0,0,0,2,1,0,2,0,0,0,55,TRUE,0,0,1
319,Angus,Gunn,Gunn,0,29,0,0,0,7,0,5,22,12.5,2,0,319,0,1,7,1,2,0,3.2,11.4,1,2018-08-11T11:30:00Z,11 Aug 12:30,0,0,90,0,0,17,0,0,0,0,5,0,1,0,5156,3,2,1,2,1,8,1,0,0,0,50,TRUE,0,1,1
320,Nathan,Redmond,Redmond,0,5,0,0,0,4,0,0,4,14,2,0,320,0,0,7,0,0,0,2.1,6.2,1,2018-08-11T11:30:00Z,11 Aug 12:30,0,0,21,1,1,17,0,0,0,0,2,0,1,0,9385,3,1,1,2,1,1,1,0,0,0,55,TRUE,0,0,1
321,James,Ward-Prowse,Ward-Prowse,0,0,0,0,0,0,0,0,0,0,0,0,321,0,0,7,0,0,0,0,0,0,2018-08-11T11:30:00Z,11 Aug 12:30,0,0,0,0,0,17,0,0,0,0,0,0,1,0,2929,0,0,0,2,1,0,0,0,0,0,50,TRUE,0,0,1
322,Mohamed,Elyounoussi,Elyounoussi,0,0,0,0,0,0,0,0,0,0,0,0,322,0,0,7,0,0,0,0,0,0,2018-08-11T11:30:00Z,11 Aug 12:30,0,0,0,0,0,17,0,0,0,0,0,0,1,0,97,0,0,0,2,1,0,0,0,0,0,50,TRUE,0,0,1
323,Stuart,Armstrong,Armstrong,0,0,0,0,0,0,0,0,0,0,0,0,323,0,0,7,0,0,0,0,0,0,2018-08-11T11:30:00Z,11 Aug 12:30,0,0,0,0,0,17,0,0,0,0,0,0,1,0,11288,0,0,0,2,1,0,0,0,0,0,45,TRUE,0,0,1
324,Mario,Lemina,Lemina,0,0,0,0,0,0,0,0,0,0,0,0,324,0,0,7,0,0,0,0,0,0,2018-08-11T11:30:00Z,11 Aug 12:30,0,0,0,0,0,17,0,0,0,0,0,0,1,0,12763,0,0,0,2,1,0,0,0,0,0,50,TRUE,0,0,1
325,Pierre-Emile,Højbjerg,Højbjerg,0,0,0,0,0,0,0,0,0,0,0,0,325,0,0,7,0,0,0,0,0,0,2018-08-11T11:30:00Z,11 Aug 12:30,0,0,0,0,0,17,0,0,0,0,0,0,1,0,10803,0,0,0,2,1,0,0,0,0,0,60,TRUE,0,0,1
326,Tyreke,Johnson,Johnson,0,14,0,0,0,9,0,2,13,13.1,2,0,326,0,0,7,0,2,0,4.6,15.6,1,2018-08-11T11:30:00Z,11 Aug 12:30,0,0,80,0,0,17,0,0,0,0,5,0,1,0,146474,2,0,0,2,1,17,2,0,0,0,65,TRUE,0,0,1
327,Callum,Slattery,Slattery,0,23,1,0,1,30,0,2,12,15.8,1,0,327,0,0,7,1,2,1,12.2,38.6,2,2018-08-11T11:30:00Z,11 Aug 12:30,0,0,58,0,0,17,0,0,0,0,3,0,1,0,89238,3,1,0,2,1,68,5,0,0,0,50,TRUE,0,1,1
328,Oriol,Romeu Vidal,Oriol Romeu,0,22,0,0,3,34,1,2,10,0,0,0,328,0,0,8,0,0,0,4.6,46,0,2018-08-12T12:30:00Z,12 Aug 13:30,0,0,90,0,0,4,0,0,0,0,9,0,1,6,31997,0,0,0,0,0,0,11,0,0,0,45,TRUE,0,0,1
437,Che,Adams,Adams,0,38,0,1,0,25,0,3,30,15.5,1,0,437,0,0,10,0,2,1,12,44.8,1,2018-08-11T16:30:00Z,11 Aug 17:30,0,0,90,2,0,8,0,0,0,0,2,0,1,0,129989,5,0,0,2,2,60,6,0,0,0,55,TRUE,0,0,1
438,Moussa,Djenepo,Djenepo,0,8,0,0,0,3,0,0,7,2,1,0,438,0,0,10,0,0,0,0.9,1.2,0,2018-08-11T16:30:00Z,11 Aug 17:30,0,0,19,0,0,8,0,0,0,0,0,0,1,0,46942,1,0,0,2,2,6,1,0,0,0,50,TRUE,0,0,1
329,Ben,Davies,Davies,0,0,0,0,0,0,0,0,0,0,0,0,329,0,0,8,0,0,0,0,0,0,2018-08-12T12:30:00Z,12 Aug 13:30,0,0,0,0,0,4,0,0,0,0,0,0,1,0,65137,0,0,0,0,0,0,0,0,0,0,45,TRUE,0,0,1
330,Jan,Vertonghen,Vertonghen,0,29,0,0,0,24,1,2,22,31.3,0,0,330,0,0,8,0,0,0,6,18.4,2,2018-08-12T12:30:00Z,12 Aug 13:30,0,0,90,0,2,4,0,0,0,0,4,0,1,0,349632,0,0,0,0,0,10,6,0,0,0,50,TRUE,0,0,1
331,Toby,Alderweireld,Alderweireld,0,0,0,0,0,0,0,0,0,0,0,0,331,0,0,8,0,0,0,0,0,0,2018-08-12T12:30:00Z,12 Aug 13:30,0,0,0,0,0,4,0,0,0,0,0,0,1,0,77036,0,0,0,0,0,0,0,0,0,0,45,TRUE,0,0,1
332,Danny,Rose,Rose,0,11,0,0,0,4,0,2,9,1.3,0,0,332,0,0,8,0,0,0,0.8,4.2,0,2018-08-12T12:30:00Z,12 Aug 13:30,0,0,55,0,0,4,0,0,0,0,1,0,1,0,398975,0,0,0,0,0,2,1,0,0,0,45,TRUE,0,0,1
333,Davinson,Sánchez,Sánchez,0,51,0,0,0,28,1,8,39,12.1,0,0,333,0,0,8,0,0,0,7.2,27.2,1,2018-08-12T12:30:00Z,12 Aug 13:30,0,0,90,0,0,4,0,0,0,0,9,0,1,0,10138,0,0,0,0,0,33,6,0,0,0,45,TRUE,0,0,1
334,Kieran,Trippier,Trippier,0,0,0,0,0,0,0,0,0,0,0,0,334,0,0,8,0,0,0,0,0,0,2018-08-12T12:30:00Z,12 Aug 13:30,0,0,0,0,0,4,0,0,0,0,0,0,1,0,64439,0,0,0,0,0,0,0,0,0,0,40,TRUE,0,0,1
335,Juan,Foyth,Foyth,0,0,0,0,0,0,0,0,0,0,0,0,335,0,0,8,0,0,0,0,0,0,2018-08-12T12:30:00Z,12 Aug 13:30,0,0,0,0,0,4,0,0,0,0,0,0,1,0,264706,0,0,0,0,0,0,0,0,0,0,40,TRUE,0,0,1
336,Serge,Aurier,Aurier,0,41,0,0,0,22,1,4,29,1.1,0,0,336,0,1,8,0,0,0,1.1,8.6,0,2018-08-12T12:30:00Z,12 Aug 13:30,0,0,90,0,0,4,0,0,0,0,8,0,1,0,19002,0,0,1,0,0,1,6,0,0,0,45,TRUE,0,0,1
337,Kyle,Walker-Peters,Walker-Peters,0,0,0,0,0,0,0,0,0,0,0,0,337,0,0,8,0,0,0,0,0,0,2018-08-12T12:30:00Z,12 Aug 13:30,0,0,0,0,0,4,0,0,0,0,0,0,1,0,7799,0,0,0,0,0,0,0,0,0,0,50,TRUE,0,0,1
338,Harry,Kane,Kane,0,0,0,0,0,0,0,0,0,0,0,0,338,0,0,8,0,0,0,0,0,0,2018-08-12T12:30:00Z,12 Aug 13:30,0,0,0,0,0,4,0,0,0,0,0,0,1,0,27127,0,0,0,0,0,0,0,0,0,0,55,TRUE,0,0,1
339,Vincent,Janssen,Janssen,0,49,0,0,0,12,1,3,42,4.1,0,0,339,0,0,8,0,0,0,3.2,17.4,0,2018-08-12T12:30:00Z,12 Aug 13:30,0,0,90,0,0,4,0,0,0,0,5,0,1,0,140250,0,0,0,0,0,10,3,0,0,0,45,TRUE,0,0,1
340,Hugo,Lloris,Lloris,0,0,0,0,0,0,0,0,0,0,0,0,340,0,0,8,0,0,0,0,0,0,2018-08-12T12:30:00Z,12 Aug 13:30,0,0,0,0,0,4,0,0,0,0,0,0,1,0,23517,0,0,0,0,0,0,0,0,0,0,45,TRUE,0,0,1
341,Paulo,Gazzaniga,Gazzaniga,0,0,0,0,0,0,0,0,0,0,0,0,341,0,0,8,0,0,0,0,0,0,2018-08-12T12:30:00Z,12 Aug 13:30,0,0,0,0,0,4,0,0,0,0,0,0,1,0,462,0,0,0,0,0,0,0,0,0,0,55,TRUE,0,0,1
342,Heung-Min,Son,Son,0,0,0,0,0,0,0,0,0,0,0,0,342,0,0,8,0,0,0,0,0,0,2018-08-12T12:30:00Z,12 Aug 13:30,0,0,0,0,0,4,0,0,0,0,0,0,1,0,4891,0,0,0,0,0,0,0,0,0,0,45,TRUE,0,0,1
343,Christian,Eriksen,Eriksen,0,32,0,0,0,13,1,0,28,13.4,5,0,343,0,0,8,0,0,0,6.1,10,1,2018-08-12T12:30:00Z,12 Aug 13:30,0,0,90,0,0,4,0,0,0,0,5,0,1,0,24948,4,0,0,0,0,38,3,0,0,0,55,TRUE,0,0,1
344,Bamidele,Alli,Alli,0,46,0,0,0,7,1,1,40,8.8,1,0,344,0,0,8,4,0,0,7,7.8,0,2018-08-12T12:30:00Z,12 Aug 13:30,0,0,90,0,0,4,0,0,0,0,1,0,1,0,9971,1,1,1,0,0,53,3,0,0,0,50,TRUE,0,0,1
345,Lucas,Rodrigues Moura da Silva,Lucas Moura,0,13,0,0,0,5,0,0,9,29.2,1,0,345,0,0,8,0,0,0,4,5,2,2018-08-12T12:30:00Z,12 Aug 13:30,0,0,55,1,0,4,0,0,0,0,2,0,1,0,13490,0,0,0,0,0,6,1,0,0,0,55,TRUE,0,0,1
346,Erik,Lamela,Lamela,0,14,0,0,0,6,0,1,11,58.3,1,0,346,0,0,8,1,0,0,9.6,12,4,2018-08-12T12:30:00Z,12 Aug 13:30,0,0,34,0,1,4,0,0,0,0,2,0,1,0,23886,2,0,0,0,0,26,1,0,0,0,65,TRUE,0,0,1
347,Harry,Winks,Winks,0,0,0,0,0,0,0,0,0,0,0,0,347,0,0,8,0,0,0,0,0,0,2018-08-12T12:30:00Z,12 Aug 13:30,0,0,0,0,0,4,0,0,0,0,0,0,1,0,90569,0,0,0,0,0,0,0,0,0,0,50,TRUE,0,0,1
348,Victor,Wanyama,Wanyama,0,10,0,0,0,5,1,0,7,21.8,0,0,348,0,0,8,2,0,0,3.5,5.2,2,2018-08-12T12:30:00Z,12 Aug 13:30,0,0,71,0,0,4,0,0,0,0,2,0,1,0,85810,1,0,0,0,0,8,2,0,0,0,60,TRUE,0,0,1
349,Moussa,Sissoko,Sissoko,0,5,0,0,0,3,0,0,2,3.2,0,0,349,0,0,8,0,0,0,0.5,0,0,2018-08-12T12:30:00Z,12 Aug 13:30,0,0,18,0,0,4,0,0,0,0,1,0,1,0,18085,0,0,0,0,0,2,1,0,0,0,60,TRUE,0,0,1
350,Eric,Dier,Dier,0,0,0,0,0,0,0,0,0,0,0,0,350,0,0,8,0,0,0,0,0,0,2018-08-12T12:30:00Z,12 Aug 13:30,0,0,0,0,0,4,0,0,0,0,0,0,1,0,196,0,0,0,0,0,0,0,0,0,0,55,TRUE,0,0,1
351,Luke,Amos,Amos,0,29,0,0,0,12,0,4,18,0,0,0,351,0,0,7,0,1,0,1.6,16.4,0,2018-08-11T11:30:00Z,11 Aug 12:30,0,0,90,0,0,15,0,0,0,0,8,0,1,1,380621,0,0,0,2,1,0,2,0,0,0,55,FALSE,0,0,1
352,Oliver,Skipp,Skipp,0,0,0,0,0,0,0,0,0,0,0,0,352,0,0,7,0,0,0,0,0,0,2018-08-11T11:30:00Z,11 Aug 12:30,0,0,0,0,0,15,0,0,0,0,0,0,1,0,5427,0,0,0,2,1,0,0,0,0,0,50,FALSE,0,0,1
442,Tanguy,Ndombele,Ndombele,0,0,0,0,0,0,0,0,0,0,0,0,442,0,0,3,0,0,0,0,0,0,2018-08-11T14:00:00Z,11 Aug 15:00,0,0,0,0,0,9,0,0,0,0,0,0,1,0,3994,0,0,0,2,0,0,0,0,0,0,40,FALSE,0,0,1
353,José,Holebas,Holebas,0,0,0,0,0,0,0,0,0,0,0,0,353,0,0,7,0,0,0,0,0,0,2018-08-11T11:30:00Z,11 Aug 12:30,0,0,0,0,0,15,0,0,0,0,0,0,1,0,159975,0,0,0,2,1,0,0,0,0,0,60,FALSE,0,0,1
354,Christian,Kabasele,Kabasele,0,0,0,0,0,0,0,0,0,0,0,0,354,0,0,7,0,0,0,0,0,0,2018-08-11T11:30:00Z,11 Aug 12:30,0,0,0,0,0,15,0,0,0,0,0,0,1,0,69060,0,0,0,2,1,0,0,0,0,0,60,FALSE,0,0,1
355,Adam,Masina,Masina,0,76,0,0,3,35,0,14,69,1.3,0,0,355,0,0,7,0,1,1,10.8,73.8,0,2018-08-11T11:30:00Z,11 Aug 12:30,0,0,90,0,0,15,0,0,0,0,7,0,1,0,414376,0,1,0,2,1,33,11,0,0,0,60,FALSE,0,0,1
356,Adrian,Mariappa,Mariappa,0,61,0,0,0,15,0,5,49,28.4,1,0,356,0,0,7,3,1,0,6.9,20.6,2,2018-08-11T11:30:00Z,11 Aug 12:30,0,0,90,0,1,15,0,0,0,0,7,0,1,0,428966,0,0,0,2,1,20,2,0,0,0,60,FALSE,0,0,1
357,Francisco,Femenía Far,Kiko Femenía,0,0,0,0,0,0,0,0,0,0,0,0,357,0,0,7,0,0,0,0,0,0,2018-08-11T11:30:00Z,11 Aug 12:30,0,0,0,0,0,15,0,0,0,0,0,0,1,0,1217102,0,0,0,2,1,0,0,0,0,0,60,FALSE,0,0,1
358,Craig,Cathcart,Cathcart,0,0,0,0,0,0,0,0,0,0,0,0,358,0,0,7,0,0,0,0,0,0,2018-08-11T11:30:00Z,11 Aug 12:30,0,0,0,0,0,15,0,0,0,0,0,0,1,0,22811,0,0,0,2,1,0,0,0,0,0,45,FALSE,0,0,1
359,Daryl,Janmaat,Janmaat,1,73,1,1,0,24,0,11,67,11.4,0,0,359,0,0,7,0,1,0,6.2,35.6,1,2018-08-11T11:30:00Z,11 Aug 12:30,0,0,90,0,0,15,0,0,0,0,2,0,1,0,122431,0,0,3,2,1,15,5,0,0,0,60,FALSE,0,0,1
360,Marc,Navarro,Navarro,1,48,1,0,0,22,0,6,35,20.7,1,0,360,0,0,7,3,1,0,5.8,32.8,1,2018-08-11T11:30:00Z,11 Aug 12:30,0,0,90,0,2,15,0,0,0,0,4,0,1,0,49004,2,0,1,2,1,4,5,0,0,0,60,FALSE,0,0,1
361,Sebastian,Prödl,Prödl,0,55,0,0,0,15,0,9,48,5.4,0,0,361,0,0,7,2,1,0,2.8,22.2,0,2018-08-11T11:30:00Z,11 Aug 12:30,0,0,87,0,0,15,0,0,0,0,4,0,1,0,109552,1,3,0,2,1,0,1,0,0,0,50,FALSE,0,1,1
362,Troy,Deeney,Deeney,0,24,0,0,0,2,0,0,23,0.5,1,0,362,0,0,7,0,0,0,0.5,3,0,2018-08-11T11:30:00Z,11 Aug 12:30,0,0,22,0,0,15,0,0,0,0,3,0,1,0,72326,2,0,1,2,1,1,1,0,0,0,50,FALSE,0,0,1
363,Gerard,Deulofeu,Deulofeu,0,0,0,0,0,0,0,0,0,0,0,0,363,0,0,7,0,0,0,0,0,0,2018-08-11T11:30:00Z,11 Aug 12:30,0,0,0,0,0,15,0,0,0,0,0,0,1,0,4017,0,0,0,2,1,0,0,0,0,0,65,FALSE,0,0,1
364,Andre,Gray,Gray,0,55,0,0,0,15,0,2,47,72.3,0,0,364,0,0,7,0,1,0,10.4,19.2,5,2018-08-11T11:30:00Z,11 Aug 12:30,0,0,90,0,1,15,0,0,0,0,6,0,1,0,840208,3,0,1,2,1,12,2,0,0,0,95,FALSE,0,0,1
365,Isaac,Success Ajayi,Success,0,38,0,0,2,34,0,4,29,2.9,1,0,365,0,0,7,0,1,1,12,59.2,0,2018-08-11T11:30:00Z,11 Aug 12:30,0,0,79,0,0,15,0,0,0,0,9,0,1,0,175864,3,1,0,2,1,58,9,0,0,0,90,FALSE,1,0,1
366,Ben,Foster,Foster,0,0,0,0,0,0,0,0,0,0,0,0,366,0,0,7,0,0,0,0,0,0,2018-08-11T11:30:00Z,11 Aug 12:30,0,0,0,0,0,15,0,0,0,0,0,0,1,0,2567,0,0,0,2,1,0,0,0,0,0,50,FALSE,0,0,1
367,Pontus,Dahlberg,Dahlberg,0,6,0,0,0,7,0,0,4,1,0,0,367,0,0,7,0,0,0,1.1,8,0,2018-08-11T11:30:00Z,11 Aug 12:30,0,0,10,0,0,15,0,0,0,0,1,0,1,0,374626,0,2,0,2,1,2,1,0,0,0,85,FALSE,0,0,1
368,Abdoulaye,Doucouré,Doucouré,0,0,0,0,0,0,0,0,0,0,0,0,368,0,0,7,0,0,0,0,0,0,2018-08-11T11:30:00Z,11 Aug 12:30,0,0,0,0,0,15,0,0,0,0,0,0,1,0,646,0,0,0,2,1,0,0,0,0,0,55,FALSE,0,0,1
369,Roberto,Pereyra,Pereyra,0,51,0,0,0,11,0,1,43,7.1,0,0,369,0,0,7,2,1,0,3.5,10.6,0,2018-08-11T11:30:00Z,11 Aug 12:30,0,0,90,0,1,15,0,0,0,0,3,0,1,0,2814,1,1,0,2,1,17,2,0,0,0,50,FALSE,0,0,1
370,Will,Hughes,Hughes,0,21,0,0,0,8,0,2,14,3.2,2,0,370,0,0,7,1,1,0,2.8,5,0,2018-08-11T11:30:00Z,11 Aug 12:30,0,0,67,0,0,15,0,0,0,0,2,0,1,0,108496,2,1,0,2,1,20,2,0,0,0,70,FALSE,0,0,1
371,Tom,Cleverley,Cleverley,0,0,0,0,0,0,0,0,0,0,0,0,371,0,0,7,0,0,0,0,0,0,2018-08-11T11:30:00Z,11 Aug 12:30,0,0,0,0,0,15,0,0,0,0,0,0,1,0,15635,0,0,0,2,1,0,0,0,0,0,60,FALSE,0,0,1
372,Ken,Sema,Sema,0,32,0,0,0,5,0,1,22,24.3,1,0,372,0,0,7,1,1,0,5.7,6.6,2,2018-08-11T11:30:00Z,11 Aug 12:30,0,0,90,0,0,15,0,0,0,0,5,0,1,0,1430959,2,1,1,2,1,26,1,0,0,0,125,FALSE,0,1,1
373,Etienne,Capoue,Capoue,0,0,0,0,0,0,0,0,0,0,0,0,373,0,0,9,0,0,0,0,0,0,2018-08-11T14:00:00Z,11 Aug 15:00,0,0,0,0,0,3,0,0,0,0,0,0,1,0,22758,0,0,0,0,2,0,0,0,0,0,45,TRUE,0,0,1
374,Nathaniel,Chalobah,Chalobah,0,0,0,0,0,0,0,0,0,0,0,0,374,0,0,9,0,0,0,0,0,0,2018-08-11T14:00:00Z,11 Aug 15:00,0,0,0,0,0,3,0,0,0,0,0,0,1,0,3773,0,0,0,0,2,0,0,0,0,0,45,TRUE,0,0,1
375,Domingos,Quina,Quina,0,0,0,0,0,0,0,0,0,0,0,0,375,0,0,9,0,0,0,0,0,0,2018-08-11T14:00:00Z,11 Aug 15:00,0,0,0,0,0,3,0,0,0,0,0,0,1,0,10718,0,0,0,0,2,0,0,0,0,0,45,TRUE,0,0,1
439,Craig,Dawson,Dawson,0,0,0,0,0,0,0,0,0,0,0,0,439,0,0,9,0,0,0,0,0,0,2018-08-11T14:00:00Z,11 Aug 15:00,0,0,0,0,0,18,0,0,0,0,0,0,1,0,68519,0,0,0,0,2,0,0,0,0,0,40,FALSE,0,0,1
376,Aaron,Cresswell,Cresswell,0,50,0,0,0,23,1,3,39,0.6,0,0,376,0,0,9,1,0,0,1.7,10.4,0,2018-08-11T14:00:00Z,11 Aug 15:00,0,0,90,0,0,3,0,0,0,0,5,0,1,0,4273,0,1,0,0,2,6,6,0,0,0,45,TRUE,0,0,1
377,Angelo,Ogbonna,Ogbonna,0,0,0,0,0,0,0,0,0,0,0,0,377,0,0,9,0,0,0,0,0,0,2018-08-11T14:00:00Z,11 Aug 15:00,0,0,0,0,0,3,0,0,0,0,0,0,1,0,9721,0,0,0,0,2,0,0,0,0,0,45,TRUE,0,0,1
378,Arthur,Masuaku,Masuaku,2,31,1,0,2,47,1,1,27,72.5,0,0,378,0,0,9,1,0,0,12.5,44.8,5,2018-08-11T14:00:00Z,11 Aug 15:00,0,0,90,0,2,3,0,0,0,0,7,0,1,0,24697,3,1,0,0,2,8,13,0,0,0,45,TRUE,0,1,1
379,Pablo,Zabaleta,Zabaleta,0,0,0,0,0,0,0,0,0,0,0,0,379,0,0,9,0,0,0,0,0,0,2018-08-11T14:00:00Z,11 Aug 15:00,0,0,0,0,0,3,0,0,0,0,0,0,1,0,4748,0,0,0,0,2,0,0,0,0,0,45,TRUE,0,0,1
380,Ryan,Fredericks,Fredericks,0,47,0,1,0,17,1,2,35,0.2,0,0,380,0,0,9,0,0,0,3,8,0,2018-08-11T14:00:00Z,11 Aug 15:00,0,0,90,0,0,3,0,0,0,0,2,0,1,0,34071,0,0,1,0,2,22,6,0,0,0,45,TRUE,0,0,1
381,Issa,Diop,Diop,0,37,0,0,1,25,1,7,23,6.3,2,0,381,0,0,9,1,0,0,4.3,15.2,0,2018-08-11T14:00:00Z,11 Aug 15:00,0,0,90,0,1,3,0,0,0,0,7,0,1,0,24868,1,1,1,0,2,21,7,0,0,0,50,TRUE,0,0,1
382,Fabián,Balbuena,Balbuena,0,0,0,0,0,0,0,0,0,0,0,0,382,0,0,9,0,0,0,0,0,0,2018-08-11T14:00:00Z,11 Aug 15:00,0,0,0,0,0,3,0,0,0,0,0,0,1,0,11219,0,0,0,0,2,0,0,0,0,0,45,TRUE,0,0,1
383,Winston,Reid,Reid,0,3,0,0,0,5,0,0,2,0.1,0,0,383,0,0,9,0,0,0,0.2,2.2,0,2018-08-11T14:00:00Z,11 Aug 15:00,0,0,3,0,0,3,0,0,0,0,2,0,1,0,25857,0,1,0,0,2,0,1,0,0,0,45,TRUE,0,0,1
384,Ben,Johnson,Johnson,0,0,0,0,0,0,0,0,0,0,0,0,384,0,0,9,0,0,0,0,0,0,2018-08-11T14:00:00Z,11 Aug 15:00,0,0,0,0,0,3,0,0,0,0,0,0,1,0,5698,0,0,0,0,2,0,0,0,0,0,45,TRUE,0,0,1
385,Marko,Arnautovic,Arnautovic,0,0,0,0,0,0,0,0,0,0,0,0,385,0,0,9,0,0,0,0,0,0,2018-08-11T14:00:00Z,11 Aug 15:00,0,0,0,0,0,3,0,0,0,0,0,0,1,0,5864,0,0,0,0,2,0,0,0,0,0,45,TRUE,0,0,1
386,Javier,Hernández Balcázar,Chicharito,0,0,0,0,0,0,0,0,0,0,0,0,386,0,0,9,0,0,0,0,0,0,2018-08-11T14:00:00Z,11 Aug 15:00,0,0,0,0,0,3,0,0,0,0,0,0,1,0,5629,0,0,0,0,2,0,0,0,0,0,45,TRUE,0,0,1
387,Alexandre Nascimento,Costa Silva,Xande Silva,0,0,0,0,0,0,0,0,0,0,0,0,387,0,0,9,0,0,0,0,0,0,2018-08-11T14:00:00Z,11 Aug 15:00,0,0,0,0,0,3,0,0,0,0,0,0,1,0,12307,0,0,0,0,2,0,0,0,0,0,45,TRUE,0,0,1
388,Lukasz,Fabianski,Fabianski,0,0,0,0,0,0,0,0,0,0,0,0,388,0,0,9,0,0,0,0,0,0,2018-08-11T14:00:00Z,11 Aug 15:00,0,0,0,0,0,3,0,0,0,0,0,0,1,0,494,0,0,0,0,2,0,0,0,0,0,50,TRUE,0,0,1
389,Michail,Antonio,Antonio,0,56,0,0,0,8,1,4,41,2.9,2,0,389,0,0,9,4,0,0,2.2,9.8,0,2018-08-11T14:00:00Z,11 Aug 15:00,0,0,90,0,0,3,0,0,0,0,7,0,1,0,14003,1,2,2,0,2,9,2,0,0,0,50,TRUE,0,1,1
390,Felipe Anderson,Pereira Gomes,Felipe Anderson,0,66,0,0,0,16,1,1,55,25.8,1,0,390,0,0,9,1,0,0,3.9,11.6,2,2018-08-11T14:00:00Z,11 Aug 15:00,0,0,90,0,0,3,0,0,0,0,10,0,1,0,108189,1,1,0,0,2,2,3,0,0,0,60,TRUE,0,0,1
391,Manuel,Lanzini,Lanzini,0,35,1,0,3,56,1,2,29,14.5,5,0,391,0,0,9,0,0,2,15.4,73.6,1,2018-08-11T14:00:00Z,11 Aug 15:00,0,0,86,0,0,3,0,0,0,0,12,0,1,0,22304,6,0,1,0,2,66,16,0,0,0,60,TRUE,1,0,1
392,Andriy,Yarmolenko,Yarmolenko,0,24,0,0,0,3,1,0,18,3.8,1,0,392,0,0,9,1,0,0,3.2,10.2,0,2018-08-11T14:00:00Z,11 Aug 15:00,0,0,80,0,0,3,0,0,0,0,3,0,1,0,25044,2,0,2,0,2,18,3,0,0,0,50,TRUE,0,0,1
393,Robert,Snodgrass,Snodgrass,0,31,0,0,3,46,0,2,24,5.6,0,0,393,0,0,10,1,2,2,14,78.2,0,2018-08-11T16:30:00Z,11 Aug 17:30,0,0,85,0,0,20,0,0,0,0,6,0,1,0,872082,3,3,0,2,2,56,14,0,0,0,65,FALSE,0,1,1
394,Jack,Wilshere,Wilshere,0,0,0,0,0,0,0,0,0,0,0,0,394,0,0,9,0,0,0,0,0,0,2018-08-11T14:00:00Z,11 Aug 15:00,0,0,0,0,0,3,0,0,0,0,0,0,1,0,19281,0,0,0,0,2,0,0,0,0,0,55,TRUE,0,0,1
395,Declan,Rice,Rice,0,11,0,0,0,8,1,0,8,25.2,0,0,395,0,0,9,0,0,0,5.9,7,2,2018-08-11T14:00:00Z,11 Aug 15:00,0,0,73,0,1,3,0,0,0,0,1,0,1,0,30395,0,0,1,0,2,27,2,0,0,0,60,TRUE,0,0,1
396,Mark,Noble,Noble,0,21,0,1,0,2,1,1,13,6.3,0,0,396,0,0,9,1,0,0,3.1,5,0,2018-08-11T14:00:00Z,11 Aug 15:00,0,0,90,0,0,3,0,0,0,0,3,0,1,0,52178,2,1,1,0,2,20,2,0,0,0,60,TRUE,0,0,1
397,Carlos,Sánchez,Carlos Sánchez,0,0,0,0,0,0,0,0,0,0,0,0,397,0,0,9,0,0,0,0,0,0,2018-08-11T14:00:00Z,11 Aug 15:00,0,0,0,0,0,3,0,0,0,0,0,0,1,0,1583,0,0,0,0,2,0,0,0,0,0,50,TRUE,0,0,1
398,Grady,Diangana,Diangana,0,0,0,0,0,0,0,0,0,0,0,0,398,0,0,9,0,0,0,0,0,0,2018-08-11T14:00:00Z,11 Aug 15:00,0,0,0,0,0,3,0,0,0,0,0,0,1,0,9283,0,0,0,0,2,0,0,0,0,0,45,TRUE,0,0,1
399,Pablo,Fornals,Fornals,0,0,0,0,0,0,0,0,0,0,0,0,399,0,0,5,0,0,0,0,0,0,2018-08-12T12:30:00Z,12 Aug 13:30,0,0,0,0,0,12,0,0,0,0,0,0,1,0,26929,0,0,0,0,4,0,0,0,0,0,45,FALSE,0,0,1
400,Pedro,Obiang,Obiang,0,25,0,0,0,18,0,1,12,0,0,0,400,0,0,5,0,4,0,3,30.4,0,2018-08-12T12:30:00Z,12 Aug 13:30,0,0,90,0,0,12,0,0,0,0,13,0,1,4,911117,0,0,0,0,4,0,1,0,0,0,45,FALSE,0,0,1
401,Matt,Doherty,Doherty,0,0,0,0,0,0,0,0,0,0,0,0,401,0,0,5,0,0,0,0,0,0,2018-08-12T12:30:00Z,12 Aug 13:30,0,0,0,0,0,12,0,0,0,0,0,0,1,0,1204,0,0,0,0,4,0,0,0,0,0,45,FALSE,0,0,1
402,Jonathan,Castro Otto,Jonny,0,0,0,0,0,0,0,0,0,0,0,0,402,0,0,5,0,0,0,0,0,0,2018-08-12T12:30:00Z,12 Aug 13:30,0,0,0,0,0,12,0,0,0,0,0,0,1,0,103396,0,0,0,0,4,0,0,0,0,0,55,FALSE,0,0,1
403,Conor,Coady,Coady,0,31,0,0,0,16,0,6,30,13.2,0,0,403,0,0,5,0,4,0,3.5,20,1,2018-08-12T12:30:00Z,12 Aug 13:30,0,0,90,0,0,12,0,0,0,0,2,0,1,0,47740,0,0,0,0,4,2,0,0,0,0,45,FALSE,0,0,1
404,Ryan,Bennett,Bennett,0,0,0,0,0,0,0,0,0,0,0,0,404,0,0,5,0,0,0,0,0,0,2018-08-12T12:30:00Z,12 Aug 13:30,0,0,0,0,0,12,0,0,0,0,0,0,1,0,3347,0,0,0,0,4,0,0,0,0,0,45,FALSE,0,0,1
405,Willy,Boly,Boly,0,0,0,0,0,0,0,0,0,0,0,0,405,0,0,5,0,0,0,0,0,0,2018-08-12T12:30:00Z,12 Aug 13:30,0,0,0,0,0,12,0,0,0,0,0,0,1,0,177648,0,0,0,0,4,0,0,0,0,0,45,FALSE,0,0,1
406,Rúben Gonçalo,Silva Nascimento Vinagre,Vinagre,0,24,0,0,0,5,0,1,22,0.6,0,0,406,0,0,5,0,2,0,0.4,3,0,2018-08-12T12:30:00Z,12 Aug 13:30,0,0,45,0,0,12,0,0,0,0,1,0,1,0,16061,0,1,0,0,4,0,0,0,0,0,45,FALSE,0,0,1
407,Romain,Saïss,Saïss,0,0,0,0,0,0,0,0,0,0,0,0,407,0,0,5,0,0,0,0,0,0,2018-08-12T12:30:00Z,12 Aug 13:30,0,0,0,0,0,12,0,0,0,0,0,0,1,0,6834,0,0,0,0,4,0,0,0,0,0,45,FALSE,0,0,1
408,Max,Kilman,Kilman,0,26,0,0,0,5,0,1,18,1.3,1,0,408,0,0,5,0,4,0,0.8,6.2,0,2018-08-12T12:30:00Z,12 Aug 13:30,0,0,90,0,0,12,0,0,0,0,0,0,1,0,32501,2,0,0,0,4,0,0,0,0,0,50,FALSE,0,0,1
409,Raúl,Jiménez,Jiménez,0,0,0,0,0,0,0,0,0,0,0,0,409,0,0,5,0,0,0,0,0,0,2018-08-12T12:30:00Z,12 Aug 13:30,0,0,0,0,0,12,0,0,0,0,0,0,1,0,46623,0,0,0,0,4,0,0,0,0,0,45,FALSE,0,0,1
410,Diogo,Jota,Jota,0,41,0,0,0,16,0,4,32,0.7,0,0,410,0,0,5,1,4,0,2.2,21,0,2018-08-12T12:30:00Z,12 Aug 13:30,0,0,90,0,0,12,0,0,0,0,8,0,1,0,113838,3,4,0,0,4,0,2,0,0,0,45,FALSE,0,0,1
411,Rui Pedro,dos Santos Patrício,Patrício,0,67,0,0,0,12,0,0,59,1.5,0,0,411,0,0,5,1,4,0,0.9,7,0,2018-08-12T12:30:00Z,12 Aug 13:30,0,0,90,0,0,12,0,0,0,0,8,0,1,0,23453,1,1,0,0,4,0,2,0,0,0,50,FALSE,0,0,1
412,John,Ruddy,Ruddy,0,2,0,0,0,3,0,0,1,0,0,0,412,0,0,3,0,0,0,2.2,5,0,2018-08-11T14:00:00Z,11 Aug 15:00,0,0,2,0,0,9,0,0,0,0,1,0,1,0,27371,0,0,0,2,0,17,1,0,0,0,50,FALSE,0,0,1
413,Will,Norris,Norris,0,0,0,0,0,0,0,0,0,0,0,0,413,0,0,5,0,0,0,0,0,0,2018-08-12T12:30:00Z,12 Aug 13:30,0,0,0,0,0,12,0,0,0,0,0,0,1,0,63157,0,0,0,0,4,0,0,0,0,0,45,FALSE,0,0,1
414,Rúben Diogo,da Silva Neves,Neves,0,0,0,0,0,0,0,0,0,0,0,0,414,0,0,5,0,0,0,0,0,0,2018-08-12T12:30:00Z,12 Aug 13:30,0,0,0,0,0,12,0,0,0,0,0,0,1,0,2371,0,0,0,0,4,0,0,0,0,0,65,FALSE,0,0,1
415,João Filipe Iria,Santos Moutinho,Moutinho,0,13,0,0,0,5,0,3,7,14,2,0,415,0,0,5,2,4,0,5.7,18.6,1,2018-08-12T12:30:00Z,12 Aug 13:30,0,0,90,1,0,12,0,0,0,0,5,0,1,0,79349,3,2,1,0,4,24,1,0,0,0,70,FALSE,0,1,1
416,Morgan,Gibbs-White,Gibbs-White,0,0,0,0,0,0,0,0,0,0,0,0,416,0,0,5,0,0,0,0,0,0,2018-08-12T12:30:00Z,12 Aug 13:30,0,0,0,0,0,12,0,0,0,0,0,0,1,0,16169,0,0,0,0,4,0,0,0,0,0,45,FALSE,0,0,1
417,Adama,Traoré,Traoré,0,11,0,0,0,-1,0,0,11,2.6,0,0,417,0,0,5,2,3,0,2.6,0,0,2018-08-12T12:30:00Z,12 Aug 13:30,0,0,66,1,0,12,0,0,0,0,0,0,1,0,973948,3,0,1,0,4,28,2,0,0,0,70,FALSE,0,0,1
418,Hélder,Costa,Costa,0,0,0,0,0,0,0,0,0,0,0,0,418,0,0,5,0,0,0,0,0,0,2018-08-12T12:30:00Z,12 Aug 13:30,0,0,0,0,0,12,0,0,0,0,0,0,1,0,2216,0,0,0,0,4,0,0,0,0,0,55,FALSE,0,0,1
419,Ivan,Cavaleiro,Cavaleiro,0,4,0,0,0,3,0,0,2,0,0,0,419,0,0,5,0,1,0,0,0,0,2018-08-12T12:30:00Z,12 Aug 13:30,0,0,28,0,0,12,0,0,0,0,0,0,1,0,118570,0,0,0,0,4,0,1,0,0,0,65,FALSE,0,0,1
420,Leander,Dendoncker,Dendoncker,0,0,0,0,0,0,0,0,0,0,0,0,420,0,0,5,0,0,0,0,0,0,2018-08-12T12:30:00Z,12 Aug 13:30,0,0,0,0,0,12,0,0,0,0,0,0,1,0,1133,0,0,0,0,4,0,0,0,0,0,50,FALSE,0,0,1
