player_name,understat_games,understat_minutes,understat_goals,xG,xA,understat_assists,understat_shots,understat_key_passes,understat_yellow,understat_red,npg,npxG,team_name,team_code
Pierre-Emerick Aubameyang,17,1530,11,7.878863632678986,2.5297081992030144,1,43,14,2,0,10,7.117731660604477,Arsenal,1
Alexandre Lacazette,10,666,5,3.0955668315291405,1.1651762872934341,1,26,11,2,0,5,3.0955668315291405,Arsenal,1
David Luiz,14,1260,2,1.1225689444690943,0.03012360818684101,0,11,1,3,0,2,1.1225689444690943,Arsenal,1
Nicolas Pepe,15,1008,2,3.4343669302761555,1.5167724303901196,2,32,18,2,0,1,2.6731981225311756,Arsenal,1
Sokratis,15,1350,1,0.29362726397812366,0.7529756426811218,0,5,2,5,0,1,0.29362726397812366,Arsenal,1
Calum Chambers,12,990,1,0.5294111222028732,1.251705627888441,0,10,5,4,0,1,0.5294111222028732,Arsenal,1
Lucas Torreira,14,717,1,1.2158762980252504,0.258955841884017,0,15,7,1,0,1,1.2158762980252504,Arsenal,1
Gabriel Martinelli,9,265,1,0.6264202259480953,0.0947057232260704,0,5,1,1,0,1,0.6264202259480953,Arsenal,1
Bernd Leno,17,1530,0,0,0,0,0,0,2,0,0,0,Arsenal,1
Granit Xhaka,12,1020,0,0.1561925783753395,0.39591192081570625,1,7,9,4,0,0,0.1561925783753395,Arsenal,1
Henrikh Mkhitaryan,3,109,0,0.4295179098844528,0.2743019759654999,0,2,2,1,0,0,0.4295179098844528,Arsenal,1
Sead Kolasinac,14,926,0,0.18670990597456694,1.2778912372887135,2,3,9,2,0,0,0.18670990597456694,Arsenal,1
Héctor Bellerín,3,266,0,0.03701617196202278,0.13279984891414642,0,1,1,2,0,0,0.03701617196202278,Arsenal,1
Nacho Monreal,3,270,0,0.04398033022880554,0.45943301916122437,0,1,3,0,0,0,0.04398033022880554,Arsenal,1
Mesut Özil,8,675,0,0.8774195946753025,0.8122903406620026,1,5,18,0,0,0,0.8774195946753025,Arsenal,1
Shkodran Mustafi,1,90,0,0.16687580943107605,0,0,2,0,0,0,0,0.16687580943107605,Arsenal,1
Rob Holding,1,77,0,0,0,0,0,0,0,0,0,0,Arsenal,1
Ainsley Maitland-Niles,8,670,0,0.40764421597123146,1.3843839019536972,2,3,8,0,1,0,0.40764421597123146,Arsenal,1
Dani Ceballos,11,665,0,0.34221556410193443,0.5954952538013458,2,9,11,0,0,0,0.34221556410193443,Arsenal,1
Matteo Guendouzi,16,1319,0,0.5129651911556721,1.0633032843470573,1,10,12,4,0,0,0.5129651911556721,Arsenal,1
Reiss Nelson,5,152,0,0.3481733649969101,0.05305315554141998,0,4,3,1,0,0,0.3481733649969101,Arsenal,1
Joe Willock,13,491,0,0.5997669138014317,0.4007529728114605,0,6,7,0,0,0,0.5997669138014317,Arsenal,1
Emile Smith-Rowe,1,28,0,0,0,0,0,0,0,0,0,0,Arsenal,1
Bukayo Saka,8,408,0,0.6451331526041031,0.9808761700987816,1,4,6,1,0,0,0.6451331526041031,Arsenal,1
Kieran Tierney,5,301,0,0.06785999052226543,0.3187371604144573,0,2,4,1,0,0,0.06785999052226543,Arsenal,1
Harry Wilson,14,904,6,2.037777273915708,1.276808261871338,0,28,8,1,0,6,2.037777273915708,Bournemouth,2
Callum Wilson,16,1389,5,4.855157684534788,1.5572398882359266,0,22,18,3,0,5,4.855157684534788,Bournemouth,2
Joshua King,13,1086,3,3.6528904512524605,1.7616580352187157,2,15,17,0,0,2,2.8917215913534164,Bournemouth,2
Steve Cook,14,1260,1,0.4061821922659874,0.6846158243715763,0,8,3,2,0,1,0.4061821922659874,Bournemouth,2
Dan Gosling,4,140,1,0.7884657084941864,0.20999916642904282,0,5,3,1,0,1,0.7884657084941864,Bournemouth,2
Nathan Aké,16,1384,1,1.7919721640646458,1.3283630162477493,1,14,5,1,0,1,1.7919721640646458,Bournemouth,2
Ryan Fraser,16,1160,1,1.8248516377061605,1.3009798116981983,3,17,21,2,0,1,1.8248516377061605,Bournemouth,2
Chris Mepham,7,541,1,0.8192249611020088,0,0,4,0,0,0,1,0.8192249611020088,Bournemouth,2
Simon Francis,7,269,0,0.15451994724571705,0.02855185605585575,0,3,1,0,1,0,0.15451994724571705,Bournemouth,2
Charlie Daniels,2,126,0,0,0.14172236621379852,0,0,2,0,0,0,0,Bournemouth,2
Andrew Surman,3,50,0,0,0,0,0,0,0,0,0,0,Bournemouth,2
Jordon Ibe,2,39,0,0,0,0,0,0,0,0,0,0,Bournemouth,2
Adam Smith,10,854,0,0.6487365737557411,0.7962404172867537,1,2,4,2,0,0,0.6487365737557411,Bournemouth,2
Dominic Solanke,15,752,0,1.873337958008051,0.7575233681127429,0,18,9,1,0,0,1.873337958008051,Bournemouth,2
Lewis Cook,11,551,0,0.11246699560433626,0.34047427773475647,0,4,6,1,0,0,0.11246699560433626,Bournemouth,2
Jefferson Lerma,15,1224,0,0.2508955067023635,0.6575883664190769,1,12,6,7,0,0,0.2508955067023635,Bournemouth,2
Diego Rico,14,1217,0,0.15290228463709354,1.8796376781538129,2,7,19,4,0,0,0.15290228463709354,Bournemouth,2
Aaron Ramsdale,17,1530,0,0,0.49542611837387085,1,0,1,0,0,0,0,Bournemouth,2
Philip Billing,16,1322,0,0.6288955388590693,0.6593032851815224,1,17,5,6,0,0,0.6288955388590693,Bournemouth,2
Jack Simpson,1,56,0,0,0,0,0,0,0,0,0,0,Bournemouth,2
Jack Stacey,6,531,0,0.14904503896832466,0.09246913343667984,0,2,1,2,0,0,0.14904503896832466,Bournemouth,2
Arnaut Danjuma Groeneveld,9,396,0,0.6087043602019548,0.08650514110922813,0,10,2,0,0,0,0.6087043602019548,Bournemouth,2
Neal Maupay,17,1259,7,7.6375930570065975,0.9571135863661766,0,51,10,1,0,6,6.876424238085747,Brighton,3
Lewis Dunk,16,1440,2,1.4135953579097986,0.8112200349569321,2,12,7,6,0,2,1.4135953579097986,Brighton,3
Leandro Trossard,11,639,2,2.0384915061295033,2.3535382952541113,2,13,18,0,0,2,2.0384915061295033,Brighton,3
Adam Webster,13,1115,2,0.40819736383855343,0.3749827677384019,0,9,6,2,0,2,0.40819736383855343,Brighton,3
Aaron Connolly,11,582,2,2.545290756970644,0.16793134063482285,0,19,3,0,0,2,2.545290756970644,Brighton,3
Pascal Groß,16,1109,1,1.0795022742822766,4.453458223491907,3,20,42,1,0,1,1.0795022742822766,Brighton,3
Florin Andone,3,69,1,0.36459624767303467,0.058196283876895905,0,1,1,0,1,1,0.36459624767303467,Brighton,3
Shane Duffy,10,617,1,1.1792077301070094,0,0,5,0,0,0,1,1.1792077301070094,Brighton,3
Davy Pröpper,15,1350,1,1.5728078726679087,1.6124416086822748,1,21,13,3,0,1,1.5728078726679087,Brighton,3
Glenn Murray,11,337,0,1.102527461014688,0.8032588064670563,0,6,2,0,0,0,1.102527461014688,Brighton,3
Martín Montoya,15,1164,0,1.4007182605564594,1.0836157938465476,1,7,10,3,0,0,1.4007182605564594,Brighton,3
Mat Ryan,17,1530,0,0,0,0,0,0,0,0,0,0,Brighton,3
Ezequiel Schelotto,3,33,0,0.07975748926401138,0,0,1,0,0,0,0,0.07975748926401138,Brighton,3
Bernardo,3,73,0,0,0.30253636837005615,0,0,1,0,0,0,0,Brighton,3
Yves Bissouma,6,225,0,0.07433448173105717,0.02468714490532875,0,4,1,0,0,0,0.07433448173105717,Brighton,3
Aaron Mooy,11,724,0,0.53532899543643,1.0625902973115444,1,9,10,0,1,0,0.53532899543643,Brighton,3
Solly March,8,596,0,0.34314872696995735,0.9336359575390816,1,7,8,1,0,0,0.34314872696995735,Brighton,3
Dale Stephens,16,1419,0,0.25370487943291664,0.4056759551167488,1,11,10,5,0,0,0.25370487943291664,Brighton,3
Gaëtan Bong,4,53,0,0,0.11898884922266006,0,0,2,0,0,0,0,Brighton,3
Jürgen Locadia,2,84,0,0.3997017852962017,0,0,2,0,0,0,0,0.3997017852962017,Brighton,3
Alireza Jahanbakhsh,1,21,0,0,0,0,0,0,0,0,0,0,Brighton,3
Dan Burn,17,1530,0,1.1414661407470703,1.4851793590933084,0,10,15,2,0,0,1.1414661407470703,Brighton,3
Steven Alzate,11,750,0,0.79437994584441185,0.5531864985823631,0,8,10,1,0,0,0.7943799458444118,Brighton,3
Chris Wood,15,1236,7,9.608504846692085,0.3518252894282341,0,31,8,1,0,7,9.608504846692085,Burnley,4
Ashley Barnes,15,1174,6,6.434941923245788,0.2848343923687935,0,37,4,3,0,5,5.673773070797324,Burnley,4
Jay Rodriguez,17,563,2,2.060698537155986,0.11233691684901714,0,15,2,1,0,2,2.060698537155986,Burnley,4
Jeff Hendrick,14,1107,2,0.9600319713354111,1.027179284952581,1,12,7,4,0,2,0.9600319713354111,Burnley,4
Robbie Brady,9,273,1,0.644318126142025,0.23705877736210823,2,5,8,1,0,1,0.644318126142025,Burnley,4
Johann Berg Gudmundsson,4,317,1,0.3450343981385231,0.5287818387150764,0,6,7,0,0,1,0.3450343981385231,Burnley,4
James Tarkowski,17,1530,1,1.4154326701536775,1.7670882809907198,1,13,6,4,0,1,1.4154326701536775,Burnley,4
Dwight McNeil,17,1475,1,0.7721502017229795,3.641611270606518,4,21,23,1,0,1,0.7721502017229795,Burnley,4
Aaron Lennon,11,345,0,0.024231426417827606,0.15801358222961426,0,1,2,2,0,0,0.024231426417827606,Burnley,4
Ashley Westwood,14,1260,0,0.5615352354943752,2.8179743234068155,3,6,21,5,0,0,0.5615352354943752,Burnley,4
Jack Cork,15,1297,0,0.8465909296646714,0.812540590763092,0,9,7,0,0,0,0.8465909296646714,Burnley,4
Daniel Drinkwater,1,61,0,0,0,0,0,0,0,0,0,0,Burnley,4
Phil Bardsley,5,450,0,0.040915271267294884,0.3721204698085785,0,3,1,1,0,0,0.040915271267294884,Burnley,4
Erik Pieters,15,1241,0,0.17830897588282824,1.5232813628390431,3,7,10,1,0,0,0.17830897588282824,Burnley,4
Matej Vydra,5,74,0,0.09183474630117416,0.020001012831926346,1,2,1,0,0,0,0.09183474630117416,Burnley,4
Matthew Lowton,12,1080,0,0.014243402518332005,1.274649852886796,1,1,11,2,0,0,0.014243402518332005,Burnley,4
Ben Mee,17,1530,0,0.2252044128254056,0.9461937006562948,0,8,5,2,0,0,0.2252044128254056,Burnley,4
Nick Pope,17,1530,0,0,0.19970626384019852,0,0,3,0,0,0,0,Burnley,4
Charlie Taylor,5,289,0,0,0.11763320863246918,0,0,2,0,0,0,0,Burnley,4
Víctor Camarasa,32,2606,5,3.907942879013717,3.626392999663949,4,41,50,6,0,4,3.146774041466415,Cardiff,5
Bobby Reid,27,1414,5,3.8045969121158123,1.058872975409031,2,27,16,0,0,4,3.04342807456851,Cardiff,5
Sol Bamba,28,2476,4,4.121445272117853,0.14328687265515327,1,22,4,7,0,4,4.121445272117853,Cardiff,5
Nathaniel Mendez-Laing,20,980,4,2.1614769492298365,1.2976202052086592,1,20,19,0,0,3,1.4003081116825342,Cardiff,5
Callum Paterson,27,1987,4,4.948024466633797,2.8674475895240903,1,41,23,4,0,4,4.948024466633797,Cardiff,5
Junior Hoilett,32,2144,3,3.1675137002021074,1.337989422492683,1,40,25,4,0,3,3.1675137002021074,Cardiff,5
Josh Murphy,29,1844,3,3.7385271210223436,3.524582718499005,2,46,16,2,0,3,3.7385271210223436,Cardiff,5
Sean Morrison,34,3043,1,5.046998005360365,3.4611154198646545,3,34,22,6,0,1,5.046998005360365,Cardiff,5
Danny Ward,14,426,1,0.6128037981688976,0.28505802899599075,0,11,7,0,0,1,0.6128037981688976,Cardiff,5
Kenneth Zohore,19,735,1,1.617042200639844,0.9054241441190243,1,17,12,1,0,1,1.617042200639844,Cardiff,5
Kadeem Harris,13,346,1,0.8885874459519982,0.5112699186429381,0,5,6,1,0,1,0.8885874459519982,Cardiff,5
Aron Gunnarsson,28,2296,1,2.3570289239287376,1.7363699087873101,1,20,16,5,0,1,2.3570289239287376,Cardiff,5
Oumar Niasse,13,967,0,2.9949155766516924,0.676706412807107,0,17,5,0,0,0,2.9949155766516924,Cardiff,5
Leandro Bacuna,11,543,0,0.07749411836266518,0.0256153866648674,0,5,1,2,0,0,0.07749411836266518,Cardiff,5
Harry Arter,25,2033,0,0.8048392524942756,0.7227919157594442,1,23,10,10,0,0,0.8048392524942756,Cardiff,5
Joe Bennett,30,2648,0,0.521325571462512,0.8026727885007858,1,10,14,5,0,0,0.521325571462512,Cardiff,5
Jazz Richards,4,117,0,0,0,0,0,0,0,0,0,0,Cardiff,5
Bruno Ecuele Manga,38,3374,0,1.2095470875501633,0.28514517983421683,1,10,6,0,0,0,1.2095470875501633,Cardiff,5
Neil Etheridge,38,3420,0,0,0.09248813986778259,0,0,2,2,0,0,0,Cardiff,5
Lee Peltier,20,1539,0,0.03597588092088699,0.06545000895857811,0,1,2,3,0,0,0.03597588092088699,Cardiff,5
Joe Ralls,28,1961,0,1.3697647610679269,3.596278890967369,0,23,33,4,1,0,0.6085959309712052,Cardiff,5
Gary Madine,5,23,0,0,0,0,0,0,0,0,0,0,Cardiff,5
Greg Cunningham,7,630,0,0.0667789913713932,0.22309443540871143,0,2,5,3,0,0,0.0667789913713932,Cardiff,5
Loïc Damour,2,17,0,0.031248409301042557,0,0,1,0,0,0,0,0.031248409301042557,Cardiff,5
Rhys Healey,3,30,0,0.04431283473968506,0.03215847909450531,0,1,1,0,0,0,0.04431283473968506,Cardiff,5
Tammy Abraham,16,1254,11,9.233417078852654,2.5629671663045883,3,51,16,2,0,11,9.233417078852654,Chelsea,6
Christian Pulisic,14,993,5,5.8112678080797195,2.227000940591097,2,34,18,0,0,5,5.8112678080797195,Chelsea,6
Mason Mount,17,1422,5,4.557561598718166,1.9484684001654387,1,46,26,2,0,5,4.557561598718166,Chelsea,6
N&#039;Golo Kanté,10,760,3,1.1569828279316425,1.0308481492102146,0,9,15,1,0,3,1.1569828279316425,Chelsea,6
Willian,16,1099,2,2.6153283305466175,3.679944286122918,3,36,25,2,0,2,2.6153283305466175,Chelsea,6
Fikayo Tomori,11,990,1,0.33128652442246675,0.11987660080194473,0,5,4,2,0,1,0.33128652442246675,Chelsea,6
Jorginho,15,1179,1,0.9092176575213671,2.1353767598047853,2,7,13,6,0,0,0.14804879389703274,Chelsea,6
Marcos Alonso,7,501,1,0.6836723135784268,1.1386392824351788,2,5,8,3,0,1,0.6836723135784268,Chelsea,6
Michy Batshuayi,11,86,1,2.2067565321922302,0.202503627166152,1,11,3,0,0,1,2.2067565321922302,Chelsea,6
Mateo Kovacic,17,1174,1,0.49459337815642357,1.3622964043170214,2,11,17,4,0,1,0.49459337815642357,Chelsea,6
Andreas Christensen,8,671,0,0.3270101770758629,0.3171480894088745,0,3,1,2,0,0,0.3270101770758629,Chelsea,6
Olivier Giroud,5,190,0,0.6266740225255489,0.7464059367775917,0,3,4,0,0,0,0.6266740225255489,Chelsea,6
Ross Barkley,6,340,0,1.1693329215049744,1.6772652324289083,0,15,10,0,0,0,1.1693329215049744,Chelsea,6
César Azpilicueta,15,1350,0,0.3540400452911854,2.578199476003647,2,6,23,0,0,0,0.3540400452911854,Chelsea,6
Pedro,4,309,0,1.4055660590529442,0.6665644906461239,0,12,9,0,0,0,1.4055660590529442,Chelsea,6
Kurt Zouma,16,1351,0,0.9809209816157818,0,0,12,0,1,0,0,0.9809209816157818,Chelsea,6
Emerson,10,795,0,1.0234729629009962,1.3493458591401577,0,11,12,1,0,0,1.0234729629009962,Chelsea,6
Antonio Rüdiger,2,138,0,0.09429298341274261,0,0,2,0,0,0,0,0.09429298341274261,Chelsea,6
Kepa,17,1530,0,0,0,0,0,0,0,0,0,0,Chelsea,6
Callum Hudson-Odoi,10,286,0,0.8846851326525211,1.1544599160552025,3,10,10,1,0,0,0.8846851326525211,Chelsea,6
Billy Gilmour,2,6,0,0,0.04068966954946518,0,0,1,0,0,0,0,Chelsea,6
Reece James,8,411,0,0.09959863685071468,0.6807671785354614,1,3,3,0,0,0,0.09959863685071468,Chelsea,6
Jordan Ayew,16,1334,4,3.997133120894432,0.5050072409212589,0,26,8,3,0,4,3.997133120894432,Crystal_Palace,7
Wilfried Zaha,17,1462,3,2.0150153301656246,1.5098772114142776,1,28,17,3,0,3,2.0150153301656246,Crystal_Palace,7
Patrick van Aanholt,15,1288,2,1.2528501935303211,0.305631248280406,0,12,9,0,0,1,0.4916813559830189,Crystal_Palace,7
Jeffrey Schlupp,14,858,2,1.5283356253057718,0.9487967370077968,1,14,7,2,0,2,1.5283356253057718,Crystal_Palace,7
Luka Milivojevic,16,1428,2,1.9049067068845034,1.3444309765473008,0,15,19,7,0,0,0.3825690317898989,Crystal_Palace,7
Andros Townsend,14,781,1,0.19788996130228043,1.1352286487817764,1,5,8,0,0,1,0.19788996130228043,Crystal_Palace,7
Max Meyer,5,196,0,0.2393715986981988,0,0,4,0,1,0,0,0.2393715986981988,Crystal_Palace,7
Mamadou Sakho,5,236,0,0,0.029572835192084312,0,0,1,0,1,0,0,Crystal_Palace,7
Wayne Hennessey,2,180,0,0,0,0,0,0,0,0,0,0,Crystal_Palace,7
Joel Ward,13,1105,0,0.1465304270386696,0.0794455073773861,0,3,2,2,0,0,0.1465304270386696,Crystal_Palace,7
Scott Dann,5,337,0,0.06846261024475098,0.05761890858411789,1,1,1,0,0,0,0.06846261024475098,Crystal_Palace,7
Connor Wickham,2,9,0,0,0,0,0,0,0,0,0,0,Crystal_Palace,7
Martin Kelly,12,955,0,0.036237236112356186,0.7702614143490791,1,1,5,0,0,0,0.036237236112356186,Crystal_Palace,7
James Tomkins,9,805,0,0.422548271715641,0.1189458891749382,1,2,2,2,0,0,0.422548271715641,Crystal_Palace,7
Cheikhou Kouyaté,15,1256,0,1.14846758171916,0.5188312586396933,0,15,6,1,0,0,1.14846758171916,Crystal_Palace,7
James McCarthy,12,235,0,0.1547579001635313,0.12032800912857056,0,3,2,3,0,0,0.1547579001635313,Crystal_Palace,7
Christian Benteke,14,379,0,0.6681805588304996,1.2249563708901405,0,12,7,2,0,0,0.6681805588304996,Crystal_Palace,7
James McArthur,16,1394,0,0.9112042738124728,1.5929980427026749,2,13,16,2,0,0,0.9112042738124728,Crystal_Palace,7
Gary Cahill,12,1080,0,0.32704943139106035,0.06804173812270164,0,7,2,1,0,0,0.32704943139106035,Crystal_Palace,7
Vicente Guaita,15,1350,0,0,0,0,0,0,1,0,0,0,Crystal_Palace,7
Víctor Camarasa,1,3,0,0,0,0,0,0,0,0,0,0,Crystal_Palace,7
Jairo Riedewald,2,90,0,0,0,0,0,0,0,0,0,0,Crystal_Palace,7
Richarlison,17,1471,6,4.775721533223987,2.164786411449313,2,42,16,4,0,6,4.775721533223987,Everton,8
Dominic Calvert-Lewin,15,866,5,5.146272070705891,0.19310178980231285,0,24,4,2,0,5,5.146272070705891,Everton,8
Bernard,11,582,2,0.6330047436058521,0.5730226002633572,1,5,8,2,0,2,0.6330047436058521,Everton,8
Alex Iwobi,15,1044,1,2.181185942143202,1.664241835474968,0,19,16,0,0,1,2.181185942143202,Everton,8
Gylfi Sigurdsson,16,1156,1,1.634672028478235,2.6323152100667357,1,25,29,1,0,1,1.634672028478235,Everton,8
Tom Davies,11,728,1,1.1626635286957026,0,0,8,0,3,0,1,1.1626635286957026,Everton,8
Michael Keane,15,1261,1,1.431223126128316,0.061630070209503174,0,8,1,0,0,1,1.431223126128316,Everton,8
Cenk Tosun,4,218,1,0.9233677238225937,0.1477499371394515,0,9,4,0,0,1,0.9233677238225937,Everton,8
Theo Walcott,11,530,0,1.6363083980977535,0.8438366819173098,1,19,7,1,0,0,1.6363083980977535,Everton,8
Morgan Schneiderlin,11,751,0,0.20643197745084763,0.09026573598384857,0,5,3,3,1,0,0.20643197745084763,Everton,8
Seamus Coleman,10,784,0,0.6999394185841084,1.4697776846587658,1,4,7,3,1,0,0.6999394185841084,Everton,8
Leighton Baines,2,72,0,0.043360382318496704,0,0,1,0,0,0,0,0.043360382318496704,Everton,8
Oumar Niasse,1,1,0,0,0,0,0,0,0,0,0,0,Everton,8
Jordan Pickford,17,1530,0,0,0,0,0,0,0,0,0,0,Everton,8
Fabian Delph,7,554,0,0.01838066056370735,0.1527999322861433,0,1,3,2,0,0,0.01838066056370735,Everton,8
Mason Holgate,10,736,0,0.5174666093662381,0.6818345487117767,2,7,2,2,0,0,0.5174666093662381,Everton,8
Moise Kean,12,324,0,1.2358520328998566,1.150139570236206,1,12,3,0,0,0,1.2358520328998566,Everton,8
Lucas Digne,17,1443,0,0.584139377810061,3.5773553578183055,3,15,42,2,0,0,0.584139377810061,Everton,8
André Gomes,8,585,0,0.03683836758136749,0.3579856604337692,0,2,6,3,0,0,0.03683836758136749,Everton,8
Djibril Sidibe,9,670,0,0.055729109793901443,1.8957608751952648,3,2,7,2,0,0,0.055729109793901443,Everton,8
Jean-Philippe Gbamin,2,135,0,0,0,0,0,0,0,0,0,0,Everton,8
Yerry Mina,15,1350,0,1.1314630582928658,0.21693363040685654,0,16,3,1,0,0,1.1314630582928658,Everton,8
Aleksandar Mitrovic,37,3285,11,15.452766000293195,2.9691336788237095,3,131,31,7,0,10,14.691597103141248,Fulham,9
André Schürrle,24,1670,6,3.322769967839122,1.9269959963858128,0,55,21,2,0,6,3.322769967839122,Fulham,9
Ryan Babel,16,1276,5,5.748053716495633,2.5484040305018425,3,27,23,3,0,5,5.748053716495633,Fulham,9
Aboubakar Kamara,13,678,3,3.5278748916462064,0.7714659627526999,0,21,11,2,0,2,2.005537203513086,Fulham,9
Calum Chambers,31,2588,2,2.4422202110290527,0.9609899530187249,0,35,16,9,0,2,2.4422202110290527,Fulham,9
Ryan Sessegnon,35,2300,2,4.265975874848664,3.9932506047189236,6,28,33,0,0,2,4.265975874848664,Fulham,9
Luciano Vietto,20,975,1,2.8408027347177267,2.4374760249629617,4,24,22,1,0,1,2.8408027347177267,Fulham,9
Jean Michael Seri,32,2274,1,0.8207022678107023,4.036101852543652,2,19,57,6,0,1,0.8207022678107023,Fulham,9
Floyd Ayité,16,441,1,0.3542610667645931,0.49887313786894083,0,7,9,0,0,1,0.3542610667645931,Fulham,9
Tom Cairney,31,2207,1,1.145194698125124,3.003990411758423,1,24,40,0,0,1,1.145194698125124,Fulham,9
Håvard Nordtveit,5,361,0,0,0.11951620317995548,1,0,3,0,0,0,0,Fulham,9
Timothy Fosu-Mensah,12,797,0,0.08043561596423388,0.3679338442161679,0,4,6,3,0,0,0.08043561596423388,Fulham,9
Alfie Mawson,15,1124,0,0.31890489906072617,0.05239539500325918,0,2,2,2,0,0,0.31890489906072617,Fulham,9
Sergio Rico,29,2610,0,0,0.07646976411342621,0,0,2,1,0,0,0,Fulham,9
Fabri,2,180,0,0,0,0,0,0,0,0,0,0,Fulham,9
Maxime Le Marchand,26,2251,0,0.15703663416206837,0.8136745532974601,1,5,9,5,0,0,0.15703663416206837,Fulham,9
Lazar Markovic,1,42,0,0,0.013624735176563263,0,0,1,0,0,0,0,Fulham,9
Franck Zambo,22,1515,0,0.6529496442526579,0.251718926243484,0,21,7,1,1,0,0.6529496442526579,Fulham,9
Cyrus Christie,28,1932,0,0.38507280591875315,1.1976567432284355,1,12,17,7,0,0,0.38507280591875315,Fulham,9
Joe Bryan,28,2364,0,0.5458204336464405,4.4036651737987995,1,21,24,5,0,0,0.5458204336464405,Fulham,9
Kevin McDonald,15,843,0,0.10936866234987974,0.09823510237038136,0,4,4,4,1,0,0.10936866234987974,Fulham,9
Stefan Johansen,12,406,0,0.0396057553589344,0.05213817209005356,0,1,1,4,0,0,0.0396057553589344,Fulham,9
Ibrahima Cissé,3,85,0,0,0,0,0,0,0,0,0,0,Fulham,9
Neeskens Kebano,7,93,0,0.04974563792347908,0,0,1,0,0,0,0,0.04974563792347908,Fulham,9
Marcus Bettinelli,7,630,0,0,0,0,0,0,1,0,0,0,Fulham,9
Denis Odoi,31,2591,0,0.7200843226164579,0.5702596250921488,1,10,11,4,0,0,0.7200843226164579,Fulham,9
Tim Ream,26,2057,0,0.019543631002306938,0.23942072689533234,0,1,3,1,0,0,0.019543631002306938,Fulham,9
Harvey Elliott,2,16,0,0.056498244404792786,0,0,1,0,0,0,0,0.056498244404792786,Fulham,9
Karlan Grant,13,868,4,3.2763585709035397,0.26734316907823086,0,21,8,0,0,4,3.2763585709035397,Huddersfield,10
Zanka,24,2151,3,1.4841627273708582,0.3927211221307516,1,8,8,6,0,3,1.4841627273708582,Huddersfield,10
Aaron Mooy,29,2326,3,2.4203277844935656,2.7453807536512613,1,43,43,4,0,2,1.6591589469462633,Huddersfield,10
Alex Pritchard,30,2114,2,2.6178857227787375,2.0834436882287264,0,47,32,2,0,2,2.6178857227787375,Huddersfield,10
Steve Mounie,31,1775,2,5.627418329939246,1.8666306650266051,3,61,18,1,1,2,5.627418329939246,Huddersfield,10
Philip Billing,27,2199,2,1.6647700937464833,1.8249885980039835,0,42,22,7,0,2,1.6647700937464833,Huddersfield,10
Jon Gorenc Stankovic,11,728,1,1.457616664469242,0.11636637151241302,0,9,2,2,0,1,1.457616664469242,Huddersfield,10
Isaac Mbenza,22,956,1,0.9028507005423307,0.9807283263653517,1,16,7,1,0,1,0.9028507005423307,Huddersfield,10
Christopher Schindler,37,3266,1,1.0413239188492298,0.40468719601631165,0,13,2,4,1,1,1.0413239188492298,Huddersfield,10
Terence Kongolo,32,2728,1,1.423658600077033,0.8421065825968981,1,14,9,4,0,1,1.423658600077033,Huddersfield,10
Juninho Bacuna,21,1418,1,0.795000096783042,1.3962508831173182,0,19,18,4,0,1,0.795000096783042,Huddersfield,10
Elias Kachunga,20,1181,0,0.976336426101625,0.2399290557950735,0,14,5,2,0,0,0.976336426101625,Huddersfield,10
Jason Puncheon,6,382,0,0.6146684400737286,0.8430848941206932,0,6,5,1,0,0,0.6146684400737286,Huddersfield,10
Ben Hamer,7,552,0,0,0,0,0,0,0,0,0,0,Huddersfield,10
Ramadan Sobhi,4,68,0,0,0.17700034379959106,0,0,3,0,0,0,0,Huddersfield,10
Erik Durm,28,2049,0,0.2812918461859226,0.47256359923630953,1,10,11,0,0,0,0.2812918461859226,Huddersfield,10
Jonas Lössl,31,2778,0,0,0.39287226274609566,1,0,4,1,0,0,0,Huddersfield,10
Florent Hadergjonaj,24,1843,0,0.2224596906453371,1.380697287619114,0,6,23,1,0,0,0.2224596906453371,Huddersfield,10
Adama Diakhaby,12,560,0,0.8706765249371529,0.5404304750263691,0,7,5,1,0,0,0.8706765249371529,Huddersfield,10
Tommy Smith,15,1138,0,0.07578589022159576,0.3938208967447281,0,3,7,2,1,0,0.07578589022159576,Huddersfield,10
Chris Löwe,29,2052,0,0.4915370186790824,1.7837480790913105,2,18,20,2,0,0,0.4915370186790824,Huddersfield,10
Collin Quaner,2,34,0,0,0.09769170731306076,0,0,1,0,0,0,0,Huddersfield,10
Rajiv van La Parra,5,411,0,0.23703227564692497,0.06990411877632141,0,5,4,0,0,0,0.23703227564692497,Huddersfield,10
Danny Williams,5,94,0,0.015552564524114132,0.031034724786877632,0,1,1,1,0,0,0.015552564524114132,Huddersfield,10
Laurent Depoitre,23,1039,0,2.6720804320648313,0.45641087274998426,1,30,9,1,0,0,2.6720804320648313,Huddersfield,10
Joel Coleman,1,90,0,0,0,0,0,0,0,0,0,0,Huddersfield,10
Abdelhamid Sabiri,2,51,0,0,0,0,0,0,0,0,0,0,Huddersfield,10
Jonathan Hogg,29,2392,0,0.2550542373210192,0.7261039465665817,1,8,15,8,1,0,0.2550542373210192,Huddersfield,10
Demeaco Duhaney,1,49,0,0,0,0,0,0,0,0,0,0,Huddersfield,10
Matty Daly,2,71,0,0,0,0,0,0,0,0,0,0,Huddersfield,10
Aaron Rowe,2,68,0,0,0,0,0,0,0,0,0,0,Huddersfield,10
Jamie Vardy,17,1530,16,10.982013441622257,1.7852887529879808,3,46,11,2,0,13,8.69850691407919,Leicester,11
James Maddison,16,1421,5,3.5372129641473293,3.0871079992502928,3,44,43,1,0,5,3.5372129641473293,Leicester,11
Ayoze Pérez,14,902,4,3.306646566838026,0.9272204115986824,1,22,9,0,0,4,3.306646566838026,Leicester,11
Youri Tielemans,17,1508,3,1.8068460524082184,2.635098148137331,3,34,26,0,0,3,1.8068460524082184,Leicester,11
Kelechi Iheanacho,3,131,2,1.0734736062586308,1.7263593077659607,2,8,5,1,0,2,1.0734736062586308,Leicester,11
Ricardo Pereira,17,1530,2,0.7360704308375716,2.0405548634007573,1,9,16,1,0,2,0.7360704308375716,Leicester,11
Wilfred Ndidi,16,1440,2,0.9337185025215149,0.49297004751861095,0,15,11,2,0,2,0.9337185025215149,Leicester,11
Ben Chilwell,14,1253,1,0.7205989826470613,2.5405271034687757,3,8,21,1,0,1,0.7205989826470613,Leicester,11
Jonny Evans,17,1503,1,1.1360944472253323,0.14999119378626347,1,11,2,3,0,1,1.1360944472253323,Leicester,11
Caglar Söyüncü,17,1530,1,0.5921233631670475,0.188805827870965,1,10,2,3,0,1,0.5921233631670475,Leicester,11
Harvey Barnes,16,962,1,3.106084557250142,2.0151856876909733,4,30,15,0,0,1,3.106084557250142,Leicester,11
Kasper Schmeichel,17,1530,0,0,0.18576166033744812,0,0,1,0,0,0,0,Leicester,11
Wes Morgan,4,52,0,0,0,0,0,0,0,0,0,0,Leicester,11
Christian Fuchs,4,271,0,0.06797040719538927,0.10093383491039276,0,2,2,0,0,0,0.06797040719538927,Leicester,11
Marc Albrighton,8,193,0,0.1251978799700737,1.3405506610870361,1,4,9,1,0,0,0.1251978799700737,Leicester,11
Demarai Gray,10,245,0,0.41586137004196644,0.9191140905022621,1,6,6,1,0,0,0.41586137004196644,Leicester,11
Dennis Praet,12,482,0,0.2983604669570923,0.9270003139972687,1,6,5,0,0,0,0.2983604669570923,Leicester,11
Nampalys Mendy,1,1,0,0,0,0,0,0,0,0,0,0,Leicester,11
Hamza Choudhury,9,333,0,0.1314941830933094,0.08810355141758919,1,3,3,1,0,0,0.1314941830933094,Leicester,11
James Justin,2,15,0,0,0.4769205152988434,1,0,2,0,0,0,0,Leicester,11
Sadio Mané,16,1332,9,6.828217342495918,4.123321946710348,5,38,31,1,0,9,6.828217342495918,Liverpool,12
Mohamed Salah,14,1207,9,9.213427625596523,2.214054524898529,4,54,22,0,0,7,7.691089890897274,Liverpool,12
Roberto Firmino,17,1376,4,6.6784810200333595,4.185465283691883,4,50,21,0,0,4,6.6784810200333595,Liverpool,12
Divock Origi,13,358,3,1.760830918326974,0.6890227384865284,1,9,5,0,0,3,1.760830918326974,Liverpool,12
Virgil van Dijk,17,1530,3,0.5903181843459606,0.3510270155966282,0,13,2,1,0,3,0.5903181843459606,Liverpool,12
Georginio Wijnaldum,16,1340,2,1.0053011272102594,0.2719354070723057,0,20,5,0,0,2,1.0053011272102594,Liverpool,12
Joel Matip,7,630,1,0.1732353027909994,0.015664158388972282,0,3,1,0,0,1,0.1732353027909994,Liverpool,12
Adam Lallana,7,207,1,0.7592308968305588,0.11884146183729172,0,3,3,0,0,1,0.7592308968305588,Liverpool,12
James Milner,13,532,1,1.340006560087204,0.8653513118624687,2,10,8,3,0,0,0.5788376927375793,Liverpool,12
Jordan Henderson,16,1096,1,0.43299140967428684,2.1803992427885532,2,7,12,1,0,1,0.43299140967428684,Liverpool,12
Xherdan Shaqiri,5,169,1,0.5408407375216484,0.1193956509232521,0,4,2,0,0,1,0.5408407375216484,Liverpool,12
Alex Oxlade-Chamberlain,12,511,1,1.2576279267668724,0.1713526602834463,0,18,4,0,0,1,1.2576279267668724,Liverpool,12
Andrew Robertson,17,1459,1,1.0703378664329648,3.5484814010560513,5,12,22,0,0,1,1.0703378664329648,Liverpool,12
Trent Alexander-Arnold,17,1487,1,1.9001023694872856,5.369162306189537,6,20,52,4,0,1,1.9001023694872856,Liverpool,12
Fabinho,12,1004,1,0.11244402080774307,0.9389012660831213,1,6,13,5,0,1,0.11244402080774307,Liverpool,12
Naby Keita,3,99,1,0.6607428193092346,0.5782684683799744,1,3,3,0,0,1,0.6607428193092346,Liverpool,12
Adrián,10,783,0,0,0,0,0,0,1,0,0,0,Liverpool,12
Dejan Lovren,8,669,0,0.19115081522613764,0.30198830366134644,1,4,1,1,0,0,0.19115081522613764,Liverpool,12
Joseph Gomez,8,279,0,0,0.09766336716711521,0,0,3,1,0,0,0,Liverpool,12
Alisson,9,745,0,0,0,0,0,0,0,1,0,0,Liverpool,12
Curtis Jones,1,11,0,0.07962951809167862,0,0,1,0,0,0,0,0.07962951809167862,Liverpool,12
Raheem Sterling,16,1411,9,9.517962209880352,4.750906877219677,1,51,28,4,0,9,9.517962209880352,Manchester_City,13
Sergio Agüero,12,811,9,8.482087880373001,2.180391475558281,2,42,13,0,0,7,6.959787100553513,Manchester_City,13
Kevin De Bruyne,16,1330,7,4.03998214378953,9.462987579405308,9,49,60,1,0,7,4.03998214378953,Manchester_City,13
Bernardo Silva,15,933,5,4.914681814610958,3.633274409919977,4,29,22,4,0,5,4.914681814610958,Manchester_City,13
Gabriel Jesus,14,816,5,7.565121080726385,0.5011607520282269,2,40,8,1,0,5,7.565121080726385,Manchester_City,13
Riyad Mahrez,13,668,4,2.3642965219914913,4.366404013708234,4,24,23,0,0,4,2.3642965219914913,Manchester_City,13
Nicolás Otamendi,11,816,2,1.8410933390259743,0.0514519764110446,0,11,2,2,0,2,1.8410933390259743,Manchester_City,13
David Silva,15,1028,2,3.7724567726254463,3.65928840264678,6,25,25,0,0,2,3.7724567726254463,Manchester_City,13
Rodri,15,1152,2,0.3213647212833166,1.2580815870314837,1,8,17,4,0,2,0.3213647212833166,Manchester_City,13
Ilkay Gündogan,15,980,1,1.706866191700101,1.933272235095501,0,21,22,6,0,1,1.706866191700101,Manchester_City,13
Kyle Walker,14,1185,1,1.261099461466074,0.9304259847849607,2,11,8,3,0,1,1.261099461466074,Manchester_City,13
John Stones,9,700,0,0.5310912718996406,0.041717249900102615,0,5,1,0,0,0,0.5310912718996406,Manchester_City,13
Fernandinho,13,1129,0,0.273392241448164,0.08115547150373459,0,6,2,3,1,0,0.273392241448164,Manchester_City,13
Angelino,6,417,0,0.20923293381929398,1.9232049360871315,0,5,9,1,0,0,0.20923293381929398,Manchester_City,13
Claudio Bravo,1,90,0,0,0,0,0,0,0,0,0,0,Manchester_City,13
João Cancelo,6,394,0,0.19452588818967342,1.3101507127285004,0,6,5,1,0,0,0.19452588818967342,Manchester_City,13
Aymeric Laporte,4,306,0,0.08190283179283142,0.1450343132019043,0,1,2,1,0,0,0.08190283179283142,Manchester_City,13
Oleksandr Zinchenko,8,584,0,0.2865631803870201,0.6756686009466648,0,8,11,0,0,0,0.2865631803870201,Manchester_City,13
Benjamin Mendy,6,481,0,0.1342591494321823,0.07633049786090851,1,3,3,1,0,0,0.1342591494321823,Manchester_City,13
Ederson,16,1440,0,0,0,0,0,0,3,0,0,0,Manchester_City,13
Phil Foden,8,133,0,0.24294726736843586,0.32298959605395794,1,5,6,0,0,0,0.24294726736843586,Manchester_City,13
Eric Garcia,2,27,0,0,0,0,0,0,0,0,0,0,Manchester_City,13
Marcus Rashford,17,1495,10,11.602882221341133,3.1171436812728643,4,57,21,2,0,6,7.035905938595533,Manchester_United,14
Anthony Martial,11,870,4,4.811485014855862,1.2188991717994213,3,27,9,1,0,4,4.050316296517849,Manchester_United,14
Daniel James,17,1436,3,2.5401552841067314,3.2026695255190134,5,28,21,3,0,3,2.5401552841067314,Manchester_United,14
Scott McTominay,15,1344,2,1.7246576584875584,1.3575057070702314,1,23,13,1,0,2,1.7246576584875584,Manchester_United,14
Mason Greenwood,13,223,2,1.4128942266106606,0.050775546580553055,0,9,1,0,0,2,1.4128942266106606,Manchester_United,14
Andreas Pereira,15,996,1,0.9075494706630707,2.3022957257926464,1,24,18,2,0,1,0.9075494706630707,Manchester_United,14
Victor Lindelöf,16,1440,1,0.09146951511502266,0.36020353995263577,0,2,3,3,0,1,0.09146951511502266,Manchester_United,14
Brandon Williams,5,271,1,0.1481117196381092,0.1349547766149044,0,2,4,3,0,1,0.1481117196381092,Manchester_United,14
David de Gea,17,1530,0,0,0,0,0,0,1,0,0,0,Manchester_United,14
Marcos Rojo,3,119,0,0.13206884264945984,0,0,1,0,1,0,0,0.13206884264945984,Manchester_United,14
Juan Mata,9,382,0,0.6979439184069633,0.2720918171107769,0,4,7,1,0,0,0.6979439184069633,Manchester_United,14
Jesse Lingard,14,702,0,1.3688442930579185,1.006515490822494,0,14,17,2,0,0,1.3688442930579185,Manchester_United,14
Ashley Young,11,866,0,0.08267359249293804,1.6687388122081757,0,3,19,5,0,0,0.08267359249293804,Manchester_United,14
Nemanja Matic,3,161,0,0.12600949592888355,0,0,3,0,0,0,0,0.12600949592888355,Manchester_United,14
Axel Tuanzebe,5,186,0,0,0,0,0,0,0,0,0,0,Manchester_United,14
Phil Jones,1,47,0,0,0,0,0,0,0,0,0,0,Manchester_United,14
Luke Shaw,7,402,0,0.21603696048259735,0.3311629146337509,0,4,5,1,0,0,0.21603696048259735,Manchester_United,14
Harry Maguire,17,1530,0,1.5263463826850057,0.3566853366792202,0,16,11,2,0,0,1.5263463826850057,Manchester_United,14
Paul Pogba,5,450,0,1.105639398097992,1.2481929957866669,2,9,13,0,0,0,0.34447054006159306,Manchester_United,14
Aaron Wan-Bissaka,15,1342,0,0.39695440977811813,0.5378963574767113,0,3,8,4,0,0,0.39695440977811813,Manchester_United,14
Angel Gomes,1,8,0,0,0,0,0,0,0,0,0,0,Manchester_United,14
Fred,13,953,0,0.6705259224399924,1.0982479900121689,0,19,16,3,0,0,0.6705259224399924,Manchester_United,14
Diogo Dalot,1,62,0,0,0,0,0,0,0,0,0,0,Manchester_United,14
James Garner,1,5,0,0,0,0,0,0,0,0,0,0,Manchester_United,14
Tahith Chong,2,20,0,0,0,0,0,0,0,0,0,0,Manchester_United,14
Jonjo Shelvey,11,853,5,0.9520465368404984,1.4143360927700996,0,20,18,1,0,5,0.9520465368404984,Newcastle_United,15
Federico Fernández,11,734,2,1.2717120498418808,0.2156594842672348,1,6,2,3,0,2,1.2717120498418808,Newcastle_United,15
Ciaran Clark,9,767,2,0.40250827744603157,0.05486181378364563,0,5,1,2,0,2,0.40250827744603157,Newcastle_United,15
Jetro Willems,14,1180,2,0.4272440141066909,0.7676352341659367,2,12,11,0,0,2,0.4272440141066909,Newcastle_United,15
Fabian Schär,11,934,1,0.7773373462259769,0,0,11,0,2,0,1,0.7773373462259769,Newcastle_United,15
Joelinton,17,1304,1,2.276665573939681,1.31441068649292,1,26,16,3,0,1,2.276665573939681,Newcastle_United,15
Allan Saint-Maximin,12,829,1,1.569551108404994,0.9771795254200697,0,18,13,0,0,1,1.569551108404994,Newcastle_United,15
DeAndre Yedlin,7,553,1,0.7519300580024719,0.087185088545084,0,1,3,1,0,1,0.7519300580024719,Newcastle_United,15
Jamaal Lascelles,12,1004,1,0.2517055831849575,0.03229285776615143,0,4,1,1,0,1,0.2517055831849575,Newcastle_United,15
Matthew Longstaff,3,270,1,0.05994679406285286,0.18038031458854675,0,2,2,0,0,1,0.05994679406285286,Newcastle_United,15
Yoshinori Muto,6,99,0,0.08367183804512024,0,0,1,0,0,0,0,0.08367183804512024,Newcastle_United,15
Matt Ritchie,3,270,0,0.06766625493764877,0.3806598000228405,0,3,7,1,0,0,0.06766625493764877,Newcastle_United,15
Andy Carroll,10,303,0,0.47928985953330994,0.460899168625474,2,4,5,1,0,0,0.47928985953330994,Newcastle_United,15
Ki Sung-yueng,3,137,0,0,0.05511658266186714,0,0,2,0,0,0,0,Newcastle_United,15
Dwight Gayle,5,55,0,0.5642099976539612,0,0,1,0,0,0,0,0.5642099976539612,Newcastle_United,15
Paul Dummett,14,1127,0,0.024163909256458282,0.012761619873344898,0,2,1,2,0,0,0.024163909256458282,Newcastle_United,15
Emil Krafth,7,423,0,0.3382335752248764,0,0,3,0,0,0,0,0.3382335752248764,Newcastle_United,15
Javier Manquillo,8,569,0,0.03594760596752167,0.07668386213481426,1,1,2,2,0,0,0.03594760596752167,Newcastle_United,15
Christian Atsu,14,559,0,0.24635672383010387,0.7012380287051201,3,5,12,1,0,0,0.24635672383010387,Newcastle_United,15
Isaac Hayden,14,1212,0,0.22797748818993568,2.1758913546800613,1,9,7,2,1,0,0.22797748818993568,Newcastle_United,15
Martin Dubravka,17,1530,0,0,0,0,0,0,0,0,0,0,Newcastle_United,15
Sean Longstaff,10,711,0,0.3159913681447506,0.712906526401639,1,11,11,1,1,0,0.3159913681447506,Newcastle_United,15
Miguel Almirón,16,1360,0,2.583868073299527,0.43478151969611645,1,25,11,2,0,0,2.583868073299527,Newcastle_United,15
Danny Ings,17,1190,9,6.4229317512363195,1.302828018553555,1,37,15,1,0,9,6.4229317512363195,Southampton,16
James Ward-Prowse,17,1530,4,4.46754614263773,2.4092540331184864,1,30,25,2,0,3,2.9452084079384804,Southampton,16
Moussa Djenepo,10,553,2,1.5223875539377332,1.3897296041250229,1,11,5,3,0,2,1.5223875539377332,Southampton,16
Jannik Vestergaard,11,940,1,0.4254413805902004,0.7267072796821594,0,8,5,1,0,1,0.4254413805902004,Southampton,16
Nathan Redmond,15,1262,1,2.5289386436343193,1.2575766555964947,0,30,13,1,0,1,2.5289386436343193,Southampton,16
Ryan Bertrand,12,942,1,1.6343381330370903,0.8226584009826183,1,6,10,2,1,1,1.6343381330370903,Southampton,16
Pierre-Emile Højbjerg,16,1364,0,1.2143495250493288,1.1771889375522733,0,23,20,4,0,0,1.2143495250493288,Southampton,16
Alex McCarthy,7,630,0,0,0,0,0,0,0,0,0,0,Southampton,16
Shane Long,9,410,0,1.5380893349647522,1.6542414911091328,1,10,7,0,0,0,1.5380893349647522,Southampton,16
Oriol Romeu,14,1112,0,0.12581687234342098,0.4596923589706421,0,4,7,2,0,0,0.12581687234342098,Southampton,16
Maya Yoshida,8,555,0,0.9399021724238992,0.07044664770364761,0,5,1,1,0,0,0.9399021724238992,Southampton,16
Cédric Soares,9,754,0,0.4695850405842066,0.5592769384384155,0,6,8,1,0,0,0.4695850405842066,Southampton,16
Sofiane Boufal,12,467,0,0.8344037318602204,2.372245918959379,2,15,11,1,0,0,0.8344037318602204,Southampton,16
Jack Stephens,9,748,0,0.09668873250484467,0.0656585693359375,1,1,1,0,0,0,0.09668873250484467,Southampton,16
Kevin Danso,6,272,0,0.07807090878486633,0.07897821068763733,1,1,1,0,1,0,0.07807090878486633,Southampton,16
Angus Gunn,10,900,0,0,0,0,0,0,0,0,0,0,Southampton,16
Jan Bednarek,17,1529,0,0.11468950659036636,0.12154563516378403,0,2,1,1,0,0,0.11468950659036636,Southampton,16
Michael Obafemi,6,179,0,0.05248481407761574,0.1425466537475586,0,1,2,0,0,0,0.05248481407761574,Southampton,16
Stuart Armstrong,11,344,0,0.3982399571686983,0,0,5,0,1,0,0,0.3982399571686983,Southampton,16
Yan Valery,8,567,0,0.2103286013007164,1.143116295337677,0,2,2,1,0,0,0.2103286013007164,Southampton,16
Che Adams,12,492,0,2.568230677396059,0.8260581213980913,0,13,6,0,0,0,2.568230677396059,Southampton,16
Harry Kane,16,1437,9,6.184493236243725,1.5622097589075565,2,46,14,2,0,8,5.423324398696423,Tottenham,17
Son Heung-Min,15,1248,5,3.8445843076333404,4.2464673556387424,7,41,25,0,1,5,3.8445843076333404,Tottenham,17
Dele Alli,10,810,5,2.7649835254997015,2.016616865992546,3,16,13,1,0,5,2.7649835254997015,Tottenham,17
Lucas Moura,15,723,4,3.352367091923952,0.8560910858213902,1,22,12,0,0,4,3.352367091923952,Tottenham,17
Erik Lamela,9,611,2,1.0396485142409801,0.8723603095859289,1,12,14,2,0,2,1.0396485142409801,Tottenham,17
Moussa Sissoko,17,1424,2,2.048577442765236,1.313873941078782,1,12,8,3,0,2,2.048577442765236,Tottenham,17
Tanguy NDombele Alvaro,12,677,2,0.352954987436533,0.34099150635302067,1,9,8,2,0,2,0.352954987436533,Tottenham,17
Jan Vertonghen,10,900,1,0.022775107994675636,0.6201823353767395,1,1,2,1,0,1,0.022775107994675636,Tottenham,17
Christian Eriksen,13,721,1,1.1924161650240421,1.7197426967322826,2,15,15,3,0,1,1.1924161650240421,Tottenham,17
Hugo Lloris,7,548,0,0,0,0,0,0,0,0,0,0,Tottenham,17
Toby Alderweireld,16,1440,0,0.15875082276761532,0.8088451521471143,2,6,7,1,0,0,0.15875082276761532,Tottenham,17
Danny Rose,10,811,0,0.08819849416613579,0.6761050913482904,0,2,11,5,0,0,0.08819849416613579,Tottenham,17
Eric Dier,7,549,0,0.8459794521331787,0.1516954880207777,1,4,5,4,0,0,0.8459794521331787,Tottenham,17
Ben Davies,6,360,0,0.025444841012358665,0.033560000360012054,0,1,2,1,0,0,0.025444841012358665,Tottenham,17
Victor Wanyama,2,21,0,0,0,0,0,0,1,0,0,0,Tottenham,17
Kyle Walker-Peters,3,245,0,0.023991357535123825,0.0696899201720953,0,1,2,0,0,0,0.023991357535123825,Tottenham,17
Harry Winks,15,938,0,0.19892471469938755,0.5155849643051624,0,7,8,4,0,0,0.19892471469938755,Tottenham,17
Paulo Gazzaniga,11,982,0,0,0.4000612497329712,0,0,1,0,0,0,0,Tottenham,17
Georges-Kévin Nkoudou,1,1,0,0.056358423084020615,0,0,1,0,0,0,0,0.056358423084020615,Tottenham,17
Serge Aurier,12,1007,0,0.25085612013936043,1.4705826546996832,2,7,13,0,1,0,0.25085612013936043,Tottenham,17
Giovani Lo Celso,8,146,0,0.12507230043411255,0.11281842365860939,0,3,4,0,0,0,0.12507230043411255,Tottenham,17
Davinson Sánchez,13,1130,0,0.5543398894369602,0.03628891706466675,0,3,1,3,0,0,0.5543398894369602,Tottenham,17
Juan Foyth,3,19,0,0,0.02350112982094288,0,0,1,1,0,0,0,Tottenham,17
Ryan Sessegnon,2,13,0,0,0,0,0,0,0,0,0,0,Tottenham,17
Oliver Skipp,3,9,0,0,0,0,0,0,0,0,0,0,Tottenham,17
Troy Parrott,1,2,0,0,0,0,0,0,0,0,0,0,Tottenham,17
Gerard Deulofeu,17,1221,2,3.40923772752285,2.9955253526568413,2,36,26,3,0,1,2.6480688638985157,Watford,18
Andre Gray,16,684,2,2.4797882735729218,1.8659746497869492,0,18,10,1,0,2,2.4797882735729218,Watford,18
Tom Cleverley,9,648,1,1.6930489614605904,0.6229856535792351,0,15,13,0,0,1,1.6930489614605904,Watford,18
Roberto Pereyra,12,811,1,1.7198770735412836,1.1367246424779296,0,14,13,3,0,0,0.958708206191659,Watford,18
Abdoulaye Doucouré,17,1501,1,2.4824429526925087,1.6319958344101906,0,28,20,3,0,1,2.4824429526925087,Watford,18
Ismaila Sarr,10,541,1,1.9525344092398882,1.0031666737049818,0,15,6,0,0,1,1.9525344092398882,Watford,18
Will Hughes,14,956,1,1.822320630773902,0.9204323031008244,1,12,9,3,0,1,1.822320630773902,Watford,18
Danny Welbeck,5,203,0,0.6208017915487289,0.03571087308228016,0,5,2,0,0,0,0.6208017915487289,Watford,18
Adrian Mariappa,7,538,0,0.08626226708292961,0,0,2,0,1,0,0,0.08626226708292961,Watford,18
Sebastian Prödl,1,57,0,0.057957686483860016,0,0,2,0,0,0,0,0.057957686483860016,Watford,18
José Holebas,11,980,0,0.2385536441579461,0.5429356396198273,0,6,11,5,0,0,0.2385536441579461,Watford,18
Etienne Capoue,12,1075,0,0.4365249965339899,0.4169316254556179,0,11,6,3,0,0,0.4365249965339899,Watford,18
Troy Deeney,6,464,0,0.6259295307099819,0.42829218320548534,0,5,4,0,0,0,0.6259295307099819,Watford,18
Craig Cathcart,15,1279,0,0.07949306070804596,0.03775472566485405,0,1,1,2,0,0,0.07949306070804596,Watford,18
Daryl Janmaat,8,611,0,0.33076496608555317,0.39833011105656624,1,4,6,1,0,0,0.33076496608555317,Watford,18
Ben Foster,17,1530,0,0.3458039164543152,0.03670657053589821,0,1,1,0,0,0,0.3458039164543152,Watford,18
Craig Dawson,13,1068,0,0.7912641437724233,0.07949306070804596,0,9,1,3,0,0,0.7912641437724233,Watford,18
Adam Masina,7,482,0,0.028007233515381813,0.0569686209782958,0,2,3,2,0,0,0.028007233515381813,Watford,18
Nathaniel Chalobah,6,259,0,0.10090031661093235,0.1336609572172165,0,2,2,0,0,0,0.10090031661093235,Watford,18
Isaac Success,3,41,0,0.09479810297489166,0.05467768758535385,0,1,1,0,0,0,0.09479810297489166,Watford,18
Christian Kabasele,9,788,0,0.030742705799639225,0,0,2,0,1,1,0,0.030742705799639225,Watford,18
Dimitri Foulquier,3,52,0,0,0,0,0,0,0,0,0,0,Watford,18
Kiko Femenía,13,1013,0,0.08743352815508842,0.8239034544676542,0,3,11,4,0,0,0.08743352815508842,Watford,18
Domingos Quina,3,8,0,0.02132098376750946,0,0,1,0,0,0,0,0.02132098376750946,Watford,18
Sébastien Haller,16,1270,5,5.359494294971228,0.8365805614739656,1,34,12,1,0,5,5.359494294971228,West_Ham,19
Aaron Cresswell,12,1042,3,0.7285790294408798,0.16611933149397373,0,11,3,4,0,3,0.7285790294408798,West_Ham,19
Andriy Yarmolenko,15,835,3,1.9291945435106754,3.331640252843499,1,20,15,2,0,3,1.9291945435106754,West_Ham,19
Angelo Ogbonna,13,1170,2,0.4790820414200425,0.051137376576662064,0,6,1,2,0,2,0.4790820414200425,West_Ham,19
Robert Snodgrass,12,809,2,1.4645120669156313,2.109931441023946,1,9,21,4,0,2,1.4645120669156313,West_Ham,19
Chicharito,2,107,1,0.8829848766326904,0,0,3,0,0,0,1,0.8829848766326904,West_Ham,19
Michail Antonio,7,421,1,2.3777918964624405,0.4710098095238209,0,15,6,0,0,1,2.3777918964624405,West_Ham,19
Mark Noble,15,1183,1,1.1466091871261597,0.4183528572320938,1,10,8,2,0,0,0.3854403495788574,West_Ham,19
Fabián Balbuena,9,721,1,1.1524110734462738,0.4616926908493042,0,7,1,2,0,1,1.1524110734462738,West_Ham,19
Manuel Lanzini,11,725,0,1.0775703070685267,1.473994079977274,2,14,21,0,0,0,1.0775703070685267,West_Ham,19
Pablo Zabaleta,5,196,0,0,0.07637394964694977,0,0,1,0,0,0,0,West_Ham,19
Carlos Sánchez,5,42,0,0,0,0,0,0,0,0,0,0,West_Ham,19
Lukasz Fabianski,7,573,0,0,0,0,0,0,0,0,0,0,West_Ham,19
Jack Wilshere,6,168,0,0,0,0,0,0,0,0,0,0,West_Ham,19
Felipe Anderson,15,1112,0,1.8485441971570253,2.230644840747118,3,18,19,1,0,0,1.8485441971570253,West_Ham,19
Arthur Masuaku,7,468,0,0.031528474763035774,1.1641652509570122,1,2,6,1,1,0,0.031528474763035774,West_Ham,19
Pablo Fornals,16,868,0,0.8245479110628366,1.260539721697569,3,16,11,1,0,0,0.8245479110628366,West_Ham,19
Albian Ajeti,5,89,0,0,0.03874383121728897,0,0,2,0,0,0,0,West_Ham,19
Issa Diop,14,1147,0,0.7782335132360458,0.4077252149581909,0,6,1,5,0,0,0.7782335132360458,West_Ham,19
Roberto Jiménez,7,597,0,0,0,0,0,0,0,0,0,0,West_Ham,19
Declan Rice,17,1530,0,0.2757501807063818,0.18807076755911112,0,10,5,3,0,0,0.2757501807063818,West_Ham,19
Nathan Holland,2,24,0,0.009777018800377846,0,0,1,0,0,0,0,0.009777018800377846,West_Ham,19
Ryan Fredericks,16,1357,0,0,0.8183324541896582,1,0,13,5,0,0,0,West_Ham,19
David Martin,4,360,0,0,0,0,0,0,1,0,0,0,West_Ham,19
Raúl Jiménez,17,1486,6,5.8994391188025475,4.908503770828247,5,53,29,2,0,4,4.377101413905621,Wolverhampton_Wanderers,20
Adama Traoré,16,1283,3,1.3368436433374882,2.4615470860153437,3,16,18,0,0,3,1.3368436433374882,Wolverhampton_Wanderers,20
Diogo Jota,15,1148,3,5.492045547813177,0.9013215731829405,0,39,15,3,0,3,5.492045547813177,Wolverhampton_Wanderers,20
Patrick Cutrone,11,290,2,2.2888070419430733,0.4840551167726517,0,11,2,0,0,2,2.2888070419430733,Wolverhampton_Wanderers,20
Matt Doherty,16,1156,2,2.8712239852175117,0.2601410523056984,0,14,6,0,0,2,2.8712239852175117,Wolverhampton_Wanderers,20
Rúben Neves,17,1332,2,0.5916269030421972,0.8998344447463751,0,28,12,4,0,2,0.5916269030421972,Wolverhampton_Wanderers,20
Jonny,16,1360,1,1.375329801812768,0.9328107759356499,1,14,13,3,0,1,1.375329801812768,Wolverhampton_Wanderers,20
João Moutinho,17,1440,1,0.3300929693505168,2.876846559345722,4,10,35,3,0,1,0.3300929693505168,Wolverhampton_Wanderers,20
Romain Saiss,13,965,1,1.2323861848562956,0.2037812490016222,0,8,5,6,1,1,1.2323861848562956,Wolverhampton_Wanderers,20
Leander Dendoncker,17,1403,1,1.410125758498907,0.11218187212944031,0,8,2,2,0,1,1.410125758498907,Wolverhampton_Wanderers,20
Ryan Bennett,8,457,0,0.02391529269516468,0.09054247103631496,0,1,2,2,0,0,0.02391529269516468,Wolverhampton_Wanderers,20
Jesús Vallejo,2,163,0,0,0,0,0,0,1,0,0,0,Wolverhampton_Wanderers,20
Pedro Neto,10,164,0,0.5702594015747309,1.0328752249479294,2,4,3,1,0,0,0.5702594015747309,Wolverhampton_Wanderers,20
Rui Patrício,17,1530,0,0,0,0,0,0,0,0,0,0,Wolverhampton_Wanderers,20
Willy Boly,8,720,0,0,0.9117432646453381,1,0,5,0,1,0,0,Wolverhampton_Wanderers,20
Conor Coady,17,1530,0,0,0.09683773666620255,0,0,2,2,0,0,0,Wolverhampton_Wanderers,20
Rúben Vinagre,6,190,0,0.033274199813604355,0.048923056572675705,0,1,1,1,0,0,0.033274199813604355,Wolverhampton_Wanderers,20
Morgan Gibbs-White,3,115,0,0.07185499556362629,0.0708760917186737,0,2,3,0,0,0,0.07185499556362629,Wolverhampton_Wanderers,20
Max Kilman,1,90,0,0,0,0,0,0,0,0,0,0,Wolverhampton_Wanderers,20
